Stand Number,Stand Name,Waypoint,Lat,Lon,Date,Time (UTC),,,,,,,,,,,,,,,,,,,
01160734020162,UpUp1,TOPT 2,47.32406,-115.321435,2018-07-12,20:34,,,,,,,,,,,,,,,,,,,
01160734020162,UpUp1,Center cluster3,47.325021,-115.321411,2018-07-12,20:37,,,,,,,,,,,,,,,,,,,
01160734020162,UpUp1,Center cluster2,47.325406,-115.320616,2018-07-12,20:54,,,,,,,,,,,,,,,,,,,
01160304010002,LoloPK,Truck lolo 2,46.728011,-114.130951,2018-07-16,15:33,,,,,,,,,,,,,,,,,,,
01160304010002,LoloPK,Truck lolo,46.728075,-114.130961,2018-07-16,15:33,,,,,,,,,,,,,,,,,,,
01160304010002,LoloPK,Lolo plot?,46.711662,-114.161482,2018-07-16,15:42,,,,,,,,,,,,,,,,,,,
01160304010002,LoloPK,End of road,46.716628,-114.144308,2018-07-16,16:14,,,,,,,,,,,,,,,,,,,
01160304010002,LoloPK,End of road 2,46.705204,-114.161462,2018-07-16,17:33,,,,,,,,,,,,,,,,,,,
01160764010048,Loz1,Lozeau plot 1,47.149703,-114.738063,2018-07-24,14:36,,,,,,,,,,,,,,,,,,,
01160764010048,Loz1,Lozeau topt2 2,47.150865,-114.739412,2018-07-24,16:41,,,,,,,,,,,,,,,,,,,
01160764010048,Loz1,Lozeau stand 2,47.152777,-114.709169,2018-07-24,19:55,,,,,,,,,,,,,,,,,,,
01160764010048,Loz1,Lozeau topt2 3,47.159716,-114.711099,2018-07-26,14:54,,,,,,,,,,,,,,,,,,,
01160764010048,Loz1,Lozeau c2p1,47.148968,-114.739736,2018-09-17,21:59,,,,,,,,,,,,,,,,,,,
01160764010048,Loz1,Lozeau c4p1,47.150827,-114.711616,2018-09-18,20:04,,,,,,,,,,,,,,,,,,,
01160764010048,Loz1,Lozeau c1p3,47.155214,-114.708806,2018-09-18,20:09,,,,,,,,,,,,,,,,,,,
01160764010048,Loz1,Lozeau c4p2,47.150694,-114.712015,2018-09-19,16:34,,,,,,,,,,,,,,,,,,,
01160764010048,Loz1,Lozeau c4p3,47.150659,-114.712344,2018-09-19,18:02,,,,,,,,,,,,,,,,,,,
01160415010059,Little Blue ,lbc top,47.200123,-114.562457,2020-06-11,18:15,,,,,,,,,,,,,,,,,,,
01160415010059,Little Blue ,Lbc cl 2,47.199917,-114.565793,2020-06-11,19:25,,,,,,,,,,,,,,,,,,,
01160415010059,Little Blue ,Lbc cl 3-3,47.2006,-114.565517,2020-06-11,19:25,,,,,,,,,,,,,,,,,,,
01160415010059,Little Blue ,Lbc cl 4,47.199876,-114.566735,2020-06-11,19:44,,,,,,,,,,,,,,,,,,,
01160415010059,Little Blue ,Lbc cl 1,47.199465,-114.564119,2020-06-11,20:01,,,,,,,,,,,,,,,,,,,
01160416050019,McCormick Creek,Mcormick creekpark,47.157275,-114.486988,2020-06-12,16:40,,,,,,,,,,,,,,,,,,,
01160416050019,McCormick Creek,Mcr top 0,47.155873,-114.490914,2020-06-12,17:06,,,,,,,,,,,,,,,,,,,
01160416050019,McCormick Creek,Mcr 1,47.156485,-114.491711,2020-06-12,17:09,,,,,,,,,,,,,,,,,,,
01160416050019,McCormick Creek,Mcr 1 top,47.155998,-114.490347,2020-06-12,17:12,,,,,,,,,,,,,,,,,,,
01160410060004,Rennick creek,Reniccreek park,47.062365,-114.467811,2020-06-12,19:00,,,,,,,,,,,,,,,,,,,
01160410060004,Rennick creek,Reniccreek 1,47.061007,-114.467618,2020-06-12,19:17,,,,,,,,,,,,,,,,,,,
01160410060004,Rennick creek,Reniccreek 2,47.059366,-114.470136,2020-06-12,19:46,,,,,,,,,,,,,,,,,,,
01160410060004,Rennick creek,Reniccreek 3,47.060646,-114.473914,2020-06-12,20:22,,,,,,,,,,,,,,,,,,,
01160410060004,Rennick creek,Reniccreek 3 junct,47.058557,-114.472725,2020-06-12,20:38,,,,,,,,,,,,,,,,,,,
01160410060004,Rennick creek,Reniccreek 4,47.057835,-114.471549,2020-06-12,20:48,,,,,,,,,,,,,,,,,,,
01160410060004,Rennick creek,Reniccreek 4,47.057567,-114.471559,2020-06-12,20:54,,,,,,,,,,,,,,,,,,,
01160410060004,Rennick creek,Reniccreek 4,47.057949,-114.471799,2020-06-12,20:57,,,,,,,,,,,,,,,,,,,
01160410060004,Rennick creek,Reniccreek 1 top,47.060496,-114.467498,2020-06-12,21:08,,,,,,,,,,,,,,,,,,,
01160417030008,Kries Pond,Kp 3,47.10758,-114.441761,2020-06-15,17:36,,,,,,,,,,,,,,,,,,,
01160417030008,Kries Pond,Kp 4 tree19,47.108101,-114.439965,2020-06-15,17:51,,,,,,,,,,,,,,,,,,,
01160417030008,Kries Pond,Kp 2 no tags,47.10805,-114.442916,2020-06-15,18:17,,,,,,,,,,,,,,,,,,,
01160417030008,Kries Pond,Kp 1,47.107236,-114.442322,2020-06-15,18:24,,,,,,,,,,,,,,,,,,,
01160417030008,Kries Pond,Kp 1,47.107053,-114.44237,2020-06-15,18:26,,,,,,,,,,,,,,,,,,,
01160417030008,Kries Pond,Kp post,47.106746,-114.441945,2020-06-15,18:27,,,,,,,,,,,,,,,,,,,
01160417030008,Kries Pond,Kp top,47.098258,-114.435268,2020-06-15,18:53,,,,,,,,,,,,,,,,,,,
01160418040010,Rock Creek,Rc 4 tree841,47.120196,-114.363842,2020-06-15,21:24,,,,,,,,,,,,,,,,,,,
01160418040010,Rock Creek,Rc 2 tree202,47.120759,-114.364041,2020-06-15,21:33,,,,,,,,,,,,,,,,,,,
01160418040010,Rock Creek,Rc 1,47.121334,-114.364379,2020-06-15,21:35,,,,,,,,,,,,,,,,,,,
01160418040010,Rock Creek,Rc 3,47.12219,-114.365317,2020-06-15,21:43,,,,,,,,,,,,,,,,,,,
01160418040010,Rock Creek,Rc park,47.123562,-114.378007,2020-06-15,22:50,,,,,,,,,,,,,,,,,,,
01160309070001,Elk Meadows,Em park,46.698002,-114.401265,2020-06-16,16:01,,,,,,,,,,,,,,,,,,,
01160309070001,Elk Meadows,Em east cattleguard,46.702901,-114.398362,2020-06-16,16:29,,,,,,,,,,,,,,,,,,,
01160309070001,Elk Meadows,Em east rough top,46.701505,-114.399315,2020-06-16,16:34,,,,,,,,,,,,,,,,,,,
01160309070001,Elk Meadows,Em east 3 tree604,46.701833,-114.399921,2020-06-16,16:52,,,,,,,,,,,,,,,,,,,
01160309070001,Elk Meadows,Em east tree39,46.701557,-114.399271,2020-06-16,16:54,,,,,,,,,,,,,,,,,,,
01160309070001,Elk Meadows,Em east tree65,46.701557,-114.399271,2020-06-16,16:57,,,,,,,,,,,,,,,,,,,
01160309070001,Elk Meadows,Em east tree65,46.702305,-114.399993,2020-06-16,17:00,,,,,,,,,,,,,,,,,,,
01160309070001,Elk Meadows,Em east 2 tree87,46.703505,-114.400242,2020-06-16,17:40,,,,,,,,,,,,,,,,,,,
01160309070001,Elk Meadows,Em east 2 tree87,46.703121,-114.399996,2020-06-16,17:47,,,,,,,,,,,,,,,,,,,
01160309070001,Elk Meadows,Em east 2 tree410,46.703347,-114.400074,2020-06-16,17:47,,,,,,,,,,,,,,,,,,,
01160309070001,Elk Meadows,Em east 1 tree312,46.704319,-114.400173,2020-06-16,17:53,,,,,,,,,,,,,,,,,,,
01160309070001,Elk Meadows,Em east 4,46.705483,-114.400085,2020-06-16,18:20,,,,,,,,,,,,,,,,,,,
01160309070001,Elk Meadows,Em east tree183,46.704395,-114.400216,2020-06-16,18:22,,,,,,,,,,,,,,,,,,,
01160309080002,Elk Meadows,Em west top,46.701138,-114.406136,2020-06-16,19:27,,,,,,,,,,,,,,,,,,,
01160309080002,Elk Meadows,Em west 3,46.701245,-114.40573,2020-06-16,19:36,,,,,,,,,,,,,,,,,,,
01160309080002,Elk Meadows,Em west 3 tree261,46.701662,-114.405697,2020-06-16,19:36,,,,,,,,,,,,,,,,,,,
01160309080002,Elk Meadows,Em west 3 tree223,46.701472,-114.405822,2020-06-16,19:36,,,,,,,,,,,,,,,,,,,
01160309080002,Elk Meadows,Em west 2 tree277,46.702427,-114.405699,2020-06-16,19:46,,,,,,,,,,,,,,,,,,,
01160309080002,Elk Meadows,Em west 2,46.702809,-114.405804,2020-06-16,19:47,,,,,,,,,,,,,,,,,,,
01160309080002,Elk Meadows,Em west 1 tree174,46.703648,-114.40583,2020-06-16,19:55,,,,,,,,,,,,,,,,,,,
01160309080002,Elk Meadows,Em west 4 tree313,46.704956,-114.405939,2020-06-16,20:06,,,,,,,,,,,,,,,,,,,
01160309080002,Elk Meadows,Em west alt top,46.703379,-114.407669,2020-06-16,20:20,,,,,,,,,,,,,,,,,,,
01030106030003,Ambrose Saddle,As park,46.516877,-113.849145,2020-06-17,18:45,,,,,,,,,,,,,,,,,,,
01030106030003,Ambrose Saddle,As top,46.518027,-113.851495,2020-06-17,18:53,,,,,,,,,,,,,,,,,,,
01030106030003,Ambrose Saddle,As 1 tree501,46.517698,-113.851397,2020-06-17,18:58,,,,,,,,,,,,,,,,,,,
01030106030003,Ambrose Saddle,As 3 tree38,46.518315,-113.851228,2020-06-17,19:00,,,,,,,,,,,,,,,,,,,
01030106030003,Ambrose Saddle,As 2 tree277,46.518482,-113.851134,2020-06-17,19:06,,,,,,,,,,,,,,,,,,,
01030106030003,Ambrose Saddle,As 4 no tags,46.518882,-113.849455,2020-06-17,19:22,,,,,,,,,,,,,,,,,,,
01030106030003,Ambrose Saddle,As 5 tree5,46.518668,-113.851236,2020-06-17,19:27,,,,,,,,,,,,,,,,,,,
01030106030034,Upper Ambrose Saddle,uas tree811,46.513453,-113.864819,2020-06-18,16:03,,,,,,,,,,,,,,,,,,,
01030106030034,Upper Ambrose Saddle,uas tree288,46.512812,-113.866962,2020-06-18,17:31,,,,,,,,,,,,,,,,,,,
01030106030034,Upper Ambrose Saddle,uas tree265,46.512634,-113.867301,2020-06-18,17:31,,,,,,,,,,,,,,,,,,,
01030106030034,Upper Ambrose Saddle,uas tree126,46.511808,-113.868357,2020-06-18,17:39,,,,,,,,,,,,,,,,,,,
01030106030034,Upper Ambrose Saddle,uas tree801,46.511473,-113.868895,2020-06-18,17:50,,,,,,,,,,,,,,,,,,,
01030106030034,Upper Ambrose Saddle,uas tree998,46.511152,-113.869215,2020-06-18,17:58,,,,,,,,,,,,,,,,,,,
01030106030034,Upper Ambrose Saddle,uas tree217,46.510528,-113.869843,2020-06-18,17:58,,,,,,,,,,,,,,,,,,,
01030108010005,Sawmill Saddle,Saw park,46.445074,-113.853206,2020-06-18,20:00,,,,,,,,,,,,,,,,,,,
01030108010005,Sawmill Saddle,Saw top,46.447355,-113.855038,2020-06-18,21:08,,,,,,,,,,,,,,,,,,,
01030108010005,Sawmill Saddle,Saw 1 tree78,46.446525,-113.85554,2020-06-18,21:17,,,,,,,,,,,,,,,,,,,
01030108010005,Sawmill Saddle,Saw 2 tree173,46.445687,-113.855883,2020-06-18,21:24,,,,,,,,,,,,,,,,,,,
01030108010005,Sawmill Saddle,Saw 3 tree116,46.445429,-113.857242,2020-06-18,21:26,,,,,,,,,,,,,,,,,,,
01030108010005,Sawmill Saddle,Saw 4 tree105,46.445639,-113.858844,2020-06-18,21:33,,,,,,,,,,,,,,,,,,,
01030108010005,Sawmill Saddle,Saw 7,46.447063,-113.858059,2020-06-18,21:48,,,,,,,,,,,,,,,,,,,
01030108010005,Sawmill Saddle,Saw 8 no tags,46.447026,-113.85715,2020-06-18,21:57,,,,,,,,,,,,,,,,,,,
01030108010005,Sawmill Saddle,Saw 8 tree220,46.447043,-113.856702,2020-06-18,21:57,,,,,,,,,,,,,,,,,,,
01030108010005,Sawmill Saddle,Saw 6 tree105,46.446516,-113.8567,2020-06-18,21:57,,,,,,,,,,,,,,,,,,,
01030108010005,Sawmill Saddle,Saw 5,46.446864,-113.856013,2020-06-18,22:05,,,,,,,,,,,,,,,,,,,
01160320030088,Howard Creek,Hc top,46.794554,-114.552132,2020-06-19,16:20,,,,,,,,,,,,,,,,,,,
01160320030088,Howard Creek,Hc 1 tree33,46.794573,-114.552643,2020-06-19,16:26,,,,,,,,,,,,,,,,,,,
01160320030088,Howard Creek,Hc 2 tree116,46.794348,-114.553062,2020-06-19,16:34,,,,,,,,,,,,,,,,,,,
01160320030088,Howard Creek,Hc 3 tree168,46.793801,-114.553134,2020-06-19,16:36,,,,,,,,,,,,,,,,,,,
01160320030088,Howard Creek,Hc 3 tree145,46.793591,-114.552945,2020-06-19,16:41,,,,,,,,,,,,,,,,,,,
01160320030088,Howard Creek,Hc 4 tree186,46.793564,-114.552535,2020-06-19,16:41,,,,,,,,,,,,,,,,,,,
01030122020210,St Mary's Upper,Stmu park,46.524222,-114.187793,2020-06-22,15:51,,,,,,,,,,,,,,,,,,,
01030122020210,St Mary's Upper,Stmu top,46.52666,-114.191098,2020-06-22,16:13,,,,,,,,,,,,,,,,,,,
01030122020210,St Mary's Upper,Stmu 3,46.525883,-114.192487,2020-06-22,16:35,,,,,,,,,,,,,,,,,,,
01030122020210,St Mary's Upper,Stmu 1,46.526159,-114.192189,2020-06-22,16:42,,,,,,,,,,,,,,,,,,,
01030122020210,St Mary's Upper,Stmu 4,46.526467,-114.191711,2020-06-22,16:52,,,,,,,,,,,,,,,,,,,
01030122020210,St Mary's Upper,Stmu 2,46.52597,-114.191736,2020-06-22,16:56,,,,,,,,,,,,,,,,,,,
01030122030036,St Mary's Lower,Stml top,46.518509,-114.178698,2020-06-22,20:59,,,,,,,,,,,,,,,,,,,
01160347060010,S and G Saddle,Sgs park,46.672445,-113.78133,2020-06-23,16:04,,,,,,,,,,,,,,,,,,,
01160347060010,S and G Saddle,Sgs 4 tree28,46.673255,-113.779881,2020-06-23,17:01,,,,,,,,,,,,,,,,,,,
01160347060010,S and G Saddle,Sgs 1 tree18,46.674044,-113.778322,2020-06-23,17:25,,,,,,,,,,,,,,,,,,,
01160347060010,S and G Saddle,Sgse 3,46.674287,-113.778082,2020-06-23,17:54,,,,,,,,,,,,,,,,,,,
01160347060010,S and G Saddle,Sgse 2 tree64,46.675628,-113.776503,2020-06-23,18:15,,,,,,,,,,,,,,,,,,,
01160347060011,S and G Saddle,Sgsw top,46.676059,-113.782568,2020-06-23,19:07,,,,,,,,,,,,,,,,,,,
01160347060011,S and G Saddle,Sgsw 2 tree13,46.677395,-113.78243,2020-06-23,19:38,,,,,,,,,,,,,,,,,,,
01160347060011,S and G Saddle,Sgsw 4 tree30,46.677213,-113.782183,2020-06-23,19:38,,,,,,,,,,,,,,,,,,,
01160347060011,S and G Saddle,Sgsw top,46.678146,-113.780511,2020-06-23,20:38,,,,,,,,,,,,,,,,,,,
01160347060011,S and G Saddle,Sgsw 1,46.67877,-113.780592,2020-06-23,20:45,,,,,,,,,,,,,,,,,,,
01160347060011,S and G Saddle,Sgsw 3 tree91,46.676857,-113.783544,2020-06-23,21:12,,,,,,,,,,,,,,,,,,,
01160347060011,S and G Saddle,Sgs park,46.681103,-113.790707,2020-06-23,21:36,,,,,,,,,,,,,,,,,,,
01100205010001,Peck Lake,Pl park,47.612153,-113.80771,2020-06-24,16:41,,,,,,,,,,,,,,,,,,,
01100205010001,Peck Lake,Pl top 1,47.615584,-113.804137,2020-06-24,16:41,,,,,,,,,,,,,,,,,,,
01100205010001,Peck Lake,Pl 1,47.615002,-113.803733,2020-06-24,16:41,,,,,,,,,,,,,,,,,,,
01100205010001,Peck Lake,Pl top 2,47.6144,-113.804719,2020-06-24,17:04,,,,,,,,,,,,,,,,,,,
01100212020099,Elk Creek,Ec park,47.533705,-113.80089,2020-06-24,19:09,,,,,,,,,,,,,,,,,,,
01100212020099,Elk Creek,Ec 2,47.525514,-113.809901,2020-06-24,20:21,,,,,,,,,,,,,,,,,,,
01100212020099,Elk Creek,Ec 2 tree45,47.525506,-113.810286,2020-06-24,20:30,,,,,,,,,,,,,,,,,,,
01100212020099,Elk Creek,Ec 1 tree55,47.524479,-113.811472,2020-06-24,20:37,,,,,,,,,,,,,,,,,,,
01100212020099,Elk Creek,Ec 4 tree358,47.52671,-113.80961,2020-06-24,20:50,,,,,,,,,,,,,,,,,,,
01100212020099,Elk Creek,Ec 3 tree130,47.526432,-113.811395,2020-06-24,20:50,,,,,,,,,,,,,,,,,,,
01100223010003,Beaver Creek,Bc park,47.386374,-113.653322,2020-06-24,21:54,,,,,,,,,,,,,,,,,,,
01100223010003,Beaver Creek,Bc tree379,47.398553,-113.654156,2020-06-24,22:35,,,,,,,,,,,,,,,,,,,
01100223010003,Beaver Creek,Bc top,47.39864,-113.653859,2020-06-24,22:55,,,,,,,,,,,,,,,,,,,
01100223010003,Beaver Creek,Bc top real,47.399514,-113.652335,2020-06-24,22:55,,,,,,,,,,,,,,,,,,,
01100223010003,Beaver Creek,Bc tree316,47.398175,-113.653676,2020-06-24,23:16,,,,,,,,,,,,,,,,,,,
01100223010003,Beaver Creek,Bc 3 tree261,47.397864,-113.653625,2020-06-24,23:17,,,,,,,,,,,,,,,,,,,
01100222010004,Herrick Run,Hr exit,47.370903,-113.767642,2020-06-25,17:06,,,,,,,,,,,,,,,,,,,
01100222010004,Herrick Run,Hr top,47.369503,-113.766212,2020-06-25,18:07,,,,,,,,,,,,,,,,,,,
01100222010004,Herrick Run,Hr 1 tree442,47.369676,-113.768199,2020-06-25,18:19,,,,,,,,,,,,,,,,,,,
01100222010004,Herrick Run,Hr 2 tree186,47.369392,-113.770922,2020-06-25,18:35,,,,,,,,,,,,,,,,,,,
01100222010004,Herrick Run,Hr 3 tree412,47.370501,-113.764689,2020-06-25,19:02,,,,,,,,,,,,,,,,,,,
01100222010004,Herrick Run,Hr 4 tree436,47.369058,-113.763216,2020-06-25,19:11,,,,,,,,,,,,,,,,,,,
01100222010004,Herrick Run,Hr 4 top,47.368976,-113.764403,2020-06-25,19:14,,,,,,,,,,,,,,,,,,,
01100222010030,Bunyan Lake,Bl park,47.364682,-113.755935,2020-06-25,19:48,,,,,,,,,,,,,,,,,,,
01100222010030,Bunyan Lake,Bl 1 tree10,47.364244,-113.756515,2020-06-25,20:12,,,,,,,,,,,,,,,,,,,
01100222010030,Bunyan Lake,Bl 1,47.364268,-113.757009,2020-06-25,20:13,,,,,,,,,,,,,,,,,,,
01100222010030,Bunyan Lake,Bl 2 tree41,47.363957,-113.758203,2020-06-25,20:16,,,,,,,,,,,,,,,,,,,
01100222010030,Bunyan Lake,Bl 2 tree41 2,47.363704,-113.758496,2020-06-25,20:21,,,,,,,,,,,,,,,,,,,
01100222010030,Bunyan Lake,Bl 3 tree79,47.36355,-113.759961,2020-06-25,20:22,,,,,,,,,,,,,,,,,,,
01100222010030,Bunyan Lake,Bl 4 tree460,47.362846,-113.759679,2020-06-25,20:25,,,,,,,,,,,,,,,,,,,
01100222010030,Bunyan Lake,Bl 5 tree373,47.363085,-113.7584,2020-06-25,20:32,,,,,,,,,,,,,,,,,,,
01160527030001,Pk1,Pk1 top,47.380192,-114.903184,2020-06-29,17:19,,,,,,,,,,,,,,,,,,,
01160527030010,Pk2,Pk2 top 2,47.374613,-114.901894,2020-06-29,19:57,,,,,,,,,,,,,,,,,,,
01160527030010,Pk2,Pk2 2,47.373732,-114.902185,2020-06-29,20:06,,,,,,,,,,,,,,,,,,,
01160527030010,Pk2,Pk2 park,47.371551,-114.902375,2020-06-29,21:16,,,,,,,,,,,,,,,,,,,
01160527030010,Sawyer Creek,Sc tree122,47.259272,-113.510586,2020-06-30,16:12,,,,,,,,,,,,,,,,,,,
01160527030010,Sawyer Creek,Sc top6,47.255767,-113.515186,2020-06-30,16:12,,,,,,,,,,,,,,,,,,,
01160527030010,Sawyer Creek,Sc 6 tree114,47.256124,-113.515227,2020-06-30,16:16,,,,,,,,,,,,,,,,,,,
01160527030010,Sawyer Creek,Sc 4-5 tree6,47.255139,-113.51654,2020-06-30,16:44,,,,,,,,,,,,,,,,,,,
01160527030010,Sawyer Creek,Sc 4 top,47.253419,-113.516315,2020-06-30,16:54,,,,,,,,,,,,,,,,,,,
01160527030010,Sawyer Creek,Sc 4 tree13,47.253649,-113.51665,2020-06-30,16:55,,,,,,,,,,,,,,,,,,,
01160527030010,Sawyer Creek,Sc spur rd,47.254229,-113.515664,2020-06-30,17:05,,,,,,,,,,,,,,,,,,,
01160527030010,Sawyer Creek,Sc 3 top,47.2546,-113.514113,2020-06-30,17:12,,,,,,,,,,,,,,,,,,,
01160527030010,Sawyer Creek,Sc 3 tree115,47.25431,-113.514133,2020-06-30,17:13,,,,,,,,,,,,,,,,,,,
01160527030010,Sawyer Creek,Sc 2 top,47.253347,-113.513801,2020-06-30,17:21,,,,,,,,,,,,,,,,,,,
01160527030010,Sawyer Creek,Sc 2 tree36,47.253815,-113.51352,2020-06-30,17:48,,,,,,,,,,,,,,,,,,,
01030454010003,Ditch Creek,Dc park,45.751566,-114.276692,2020-07-01,16:24,,,,,,,,,,,,,,,,,,,
01030454010003,Ditch Creek,Dc 1,45.751116,-114.277105,2020-07-01,16:40,,,,,,,,,,,,,,,,,,,
01030454010003,Ditch Creek,Dc 2,45.750415,-114.277198,2020-07-01,16:40,,,,,,,,,,,,,,,,,,,
01030454010003,Ditch Creek,Dc top,45.751334,-114.276913,2020-07-01,16:40,,,,,,,,,,,,,,,,,,,
01030454010003,Ditch Creek,Dc 3,45.749788,-114.277485,2020-07-01,16:47,,,,,,,,,,,,,,,,,,,
01030454010003,Ditch Creek,Dc 4,45.750276,-114.278092,2020-07-01,16:49,,,,,,,,,,,,,,,,,,,
01030454010003,Ditch Creek,Dc 5,45.750191,-114.278991,2020-07-01,16:51,,,,,,,,,,,,,,,,,,,
01030454010003,Ditch Creek,Dc 7,45.750759,-114.278128,2020-07-01,16:58,,,,,,,,,,,,,,,,,,,
01030454010003,Ditch Creek,Dc 6,45.750833,-114.2788,2020-07-01,16:59,,,,,,,,,,,,,,,,,,,
01030454010003,Ditch Creek,Dc 8,45.751299,-114.278161,2020-07-01,17:06,,,,,,,,,,,,,,,,,,,
01030454010003,Ditch Creek,Dc 9,45.751974,-114.279179,2020-07-01,17:14,,,,,,,,,,,,,,,,,,,
01030454010003,Ditch Creek,Dc 10,45.751979,-114.279979,2020-07-01,17:17,,,,,,,,,,,,,,,,,,,
01030454010003,Ditch Creek,Dc 11,45.751842,-114.28102,2020-07-01,17:19,,,,,,,,,,,,,,,,,,,
01030454010003,Ditch Creek,Dc 12,45.751859,-114.28187,2020-07-01,17:24,,,,,,,,,,,,,,,,,,,
01030454010003,Ditch Creek,Dc 13,45.752419,-114.281911,2020-07-01,17:25,,,,,,,,,,,,,,,,,,,
01030454010003,Ditch Creek,Dc 14,45.752373,-114.280839,2020-07-01,17:35,,,,,,,,,,,,,,,,,,,
01030454010003,Ditch Creek,Dc 16,45.752894,-114.280596,2020-07-01,17:35,,,,,,,,,,,,,,,,,,,
01030454010003,Ditch Creek,Dc 15,45.752359,-114.279948,2020-07-01,17:35,,,,,,,,,,,,,,,,,,,
01030454010003,Ditch Creek,Dc road entry,45.757909,-114.283244,2020-07-01,17:54,,,,,,,,,,,,,,,,,,,
01030436040055,Sand Creek,Sac top,45.723339,-114.371302,2020-07-01,19:36,,,,,,,,,,,,,,,,,,,
01030436040055,Sand Creek,Sac 2,45.723175,-114.372107,2020-07-01,19:39,,,,,,,,,,,,,,,,,,,
01030436040055,Sand Creek,Sac 3,45.72317,-114.372625,2020-07-01,19:46,,,,,,,,,,,,,,,,,,,
01030436040055,Sand Creek,Sac 12,45.723483,-114.372999,2020-07-01,19:55,,,,,,,,,,,,,,,,,,,
01030436040055,Sand Creek,Sac 11,45.723127,-114.373086,2020-07-01,19:55,,,,,,,,,,,,,,,,,,,
01030436040055,Sand Creek,Sac 14,45.723846,-114.373877,2020-07-01,20:05,,,,,,,,,,,,,,,,,,,
01030436040055,Sand Creek,Sac 6,45.723739,-114.374988,2020-07-01,20:21,,,,,,,,,,,,,,,,,,,
01030436040055,Sand Creek,Sac 5,45.723312,-114.375715,2020-07-01,20:21,,,,,,,,,,,,,,,,,,,
01030436040055,Sand Creek,Sac 9,45.723232,-114.37621,2020-07-01,20:38,,,,,,,,,,,,,,,,,,,
01030436040055,Sand Creek,Sac 10,45.722937,-114.376557,2020-07-01,20:38,,,,,,,,,,,,,,,,,,,
01030436040055,Sand Creek,Sac 7,45.723258,-114.375752,2020-07-01,20:39,,,,,,,,,,,,,,,,,,,
01030436040055,Sand Creek,Sac 1,45.723895,-114.375888,2020-07-01,20:56,,,,,,,,,,,,,,,,,,,
01030436040055,Sand Creek,Sac 15,45.723575,-114.375599,2020-07-01,20:58,,,,,,,,,,,,,,,,,,,
01030436040055,Sand Creek,Sac 16,45.723316,-114.375672,2020-07-01,21:02,,,,,,,,,,,,,,,,,,,
01140458010123,Camp,Camp top 3,48.32436,-115.814033,2020-07-06,19:26,,,,,,,,,,,,,,,,,,,
01140458010123,Camp,Camp 1 1,48.324189,-115.813501,2020-07-06,19:33,,,,,,,,,,,,,,,,,,,
01140458010123,Camp,Camp top 1,48.325126,-115.81429,2020-07-06,19:42,,,,,,,,,,,,,,,,,,,
01140458010123,Camp,Camp 2 1,48.325025,-115.812547,2020-07-06,19:55,,,,,,,,,,,,,,,,,,,
01140458010123,Camp,Camp 3 2,48.325034,-115.812919,2020-07-06,19:55,,,,,,,,,,,,,,,,,,,
01140458010123,Camp,Camp 2 3,48.32501,-115.812226,2020-07-06,19:55,,,,,,,,,,,,,,,,,,,
01140458010123,Camp,Camp 2 2,48.324999,-115.811865,2020-07-06,19:55,,,,,,,,,,,,,,,,,,,
01140458010123,Camp,Camp 1 2,48.324759,-115.811757,2020-07-06,19:59,,,,,,,,,,,,,,,,,,,
01140458010123,Camp,Camp 4 2,48.324745,-115.812099,2020-07-06,19:59,,,,,,,,,,,,,,,,,,,
01140458010123,Camp,Camp 3 3,48.324978,-115.811654,2020-07-06,20:01,,,,,,,,,,,,,,,,,,,
01140458010123,Camp,Camp 3 1,48.324957,-115.811284,2020-07-06,20:01,,,,,,,,,,,,,,,,,,,
01140458010123,Camp,Camp 4 3,48.325189,-115.811672,2020-07-06,20:03,,,,,,,,,,,,,,,,,,,
01140458010123,Camp,Camp 4 1,48.325204,-115.811867,2020-07-06,20:06,,,,,,,,,,,,,,,,,,,
01140458010123,Camp,Camp 1 3,48.32503,-115.813639,2020-07-06,20:18,,,,,,,,,,,,,,,,,,,
01140458010123,Camp,Camp park,48.322934,-115.820396,2020-07-06,20:45,,,,,,,,,,,,,,,,,,,
01140514030004,TL,Tl park,48.503386,-115.542502,2020-07-06,22:06,,,,,,,,,,,,,,,,,,,
01140514030004,TL,Tl 4,48.499587,-115.541488,2020-07-06,22:34,,,,,,,,,,,,,,,,,,,
01140514030004,TL,Tl 3?,48.500206,-115.542283,2020-07-06,22:41,,,,,,,,,,,,,,,,,,,
01140514030004,TL,Tl 1,48.499435,-115.538917,2020-07-06,23:01,,,,,,,,,,,,,,,,,,,
01140514030004,TL,Tl 2,48.500404,-115.539431,2020-07-06,23:12,,,,,,,,,,,,,,,,,,,
01140514030004,TL,Tl top 2,48.500107,-115.542664,2020-07-06,23:36,,,,,,,,,,,,,,,,,,,
01140514030004,TL,Tl 3,48.499257,-115.540194,2020-07-06,23:55,,,,,,,,,,,,,,,,,,,
01140532030004,Mckay,Mckay park,48.211535,-115.595169,2020-07-07,14:18,,,,,,,,,,,,,,,,,,,
01140532030004,Mckay,Mckay 1,48.210209,-115.596477,2020-07-07,14:55,,,,,,,,,,,,,,,,,,,
01140532030004,Mckay,Mckay 4,48.209701,-115.597545,2020-07-07,15:03,,,,,,,,,,,,,,,,,,,
01140532030004,Mckay,Mckay 2,48.212612,-115.59957,2020-07-07,15:40,,,,,,,,,,,,,,,,,,,
01140532030004,Mckay,Mckay top 3,48.212854,-115.5997,2020-07-07,15:40,,,,,,,,,,,,,,,,,,,
01140532030004,Mckay,Mckay 3,48.213032,-115.601266,2020-07-07,15:54,,,,,,,,,,,,,,,,,,,
01140528020011,Snow,Snow park,48.288174,-115.581458,2020-07-07,17:00,,,,,,,,,,,,,,,,,,,
01140528020011,Snow,Snow t road,48.288459,-115.583145,2020-07-07,17:03,,,,,,,,,,,,,,,,,,,
01140528020011,Snow,Snow 2,48.287651,-115.585544,2020-07-07,17:24,,,,,,,,,,,,,,,,,,,
01140528020011,Snow,Snow 1 3,48.288,-115.584713,2020-07-07,17:28,,,,,,,,,,,,,,,,,,,
01140528020011,Snow,Snow 4,48.289199,-115.586248,2020-07-07,17:40,,,,,,,,,,,,,,,,,,,
01140528020011,Snow,Snow 4 2,48.289118,-115.586576,2020-07-07,17:40,,,,,,,,,,,,,,,,,,,
01140528020011,Snow,Snow 3 2,48.289373,-115.586189,2020-07-07,17:43,,,,,,,,,,,,,,,,,,,
01140529010052,Swede,Swede 2 3,48.348924,-115.482692,2020-07-07,19:29,,,,,,,,,,,,,,,,,,,
01140529010052,Swede,Swede 2 2,48.349123,-115.482914,2020-07-07,19:40,,,,,,,,,,,,,,,,,,,
01140529010052,Swede,Swede 2 1,48.348628,-115.483656,2020-07-07,19:41,,,,,,,,,,,,,,,,,,,
01140529010052,Swede,Swede 3 3,48.347775,-115.484656,2020-07-07,19:55,,,,,,,,,,,,,,,,,,,
01140529010052,Swede,Swede 3 2,48.347799,-115.48495,2020-07-07,19:55,,,,,,,,,,,,,,,,,,,
01140529010052,Swede,Swede 3 1,48.347845,-115.485811,2020-07-07,19:58,,,,,,,,,,,,,,,,,,,
01140529010052,Swede,Swede 4 2,48.34785,-115.486384,2020-07-07,20:03,,,,,,,,,,,,,,,,,,,
01140529010052,Swede,Swede 4 1,48.348029,-115.486157,2020-07-07,20:03,,,,,,,,,,,,,,,,,,,
01140529010052,Swede,Swede 4 3,48.347769,-115.486664,2020-07-07,20:03,,,,,,,,,,,,,,,,,,,
01140529010052,Swede,Swede 1 1,48.346999,-115.48718,2020-07-07,20:39,,,,,,,,,,,,,,,,,,,
01140529010052,Swede,Swede park,48.348136,-115.481268,2020-07-07,20:48,,,,,,,,,,,,,,,,,,,
01140561030006,Canyon,Canyon park,48.421028,-115.220357,2020-07-07,22:17,,,,,,,,,,,,,,,,,,,
01140561030006,Canyon,Canyon 4 2,48.420049,-115.218542,2020-07-07,22:24,,,,,,,,,,,,,,,,,,,
01140561030006,Canyon,Canyon top 4,48.420635,-115.218517,2020-07-07,22:24,,,,,,,,,,,,,,,,,,,
01140561030006,Canyon,Canyon top 3,48.420615,-115.216481,2020-07-07,22:33,,,,,,,,,,,,,,,,,,,
01140561030006,Canyon,Canyon 3 2,48.420242,-115.216231,2020-07-07,22:35,,,,,,,,,,,,,,,,,,,
01140561030006,Canyon,Canyon 3 1,48.420246,-115.216692,2020-07-07,22:36,,,,,,,,,,,,,,,,,,,
01140561030006,Canyon,Canyon 2 3,48.419867,-115.217097,2020-07-07,22:43,,,,,,,,,,,,,,,,,,,
01140561030006,Canyon,Canyon 1 2,48.419415,-115.217685,2020-07-07,22:43,,,,,,,,,,,,,,,,,,,
01140579030009,Sugar,Sugar park,48.404655,-115.112931,2020-07-08,13:55,,,,,,,,,,,,,,,,,,,
01140579030009,Sugar,Sugar top 4,48.399031,-115.117432,2020-07-08,14:13,,,,,,,,,,,,,,,,,,,
01140579030009,Sugar,Sugar 4,48.399405,-115.117081,2020-07-08,14:19,,,,,,,,,,,,,,,,,,,
01140579030009,Sugar,Sugar 2,48.39839,-115.114655,2020-07-08,14:28,,,,,,,,,,,,,,,,,,,
01140579030009,Sugar,Sugar 1,48.398803,-115.114665,2020-07-08,14:30,,,,,,,,,,,,,,,,,,,
01140579030009,Sugar,Sugar 3,48.39797,-115.113482,2020-07-08,14:38,,,,,,,,,,,,,,,,,,,
01140580090004,Wolf,Wolf top,48.405072,-114.972161,2020-07-08,16:14,,,,,,,,,,,,,,,,,,,
01140580090004,Wolf,Wolf 1,48.406288,-114.971803,2020-07-08,16:26,,,,,,,,,,,,,,,,,,,
01140580090004,Wolf,Wolf 3,48.406923,-114.971527,2020-07-08,16:34,,,,,,,,,,,,,,,,,,,
01140580090004,Wolf,Wolf 2 2,48.407455,-114.971236,2020-07-08,16:34,,,,,,,,,,,,,,,,,,,
01140580090004,Wolf,Wolf 2 1,48.407468,-114.971615,2020-07-08,16:34,,,,,,,,,,,,,,,,,,,
01140580090004,Wolf,Wolf 4,48.408467,-114.970747,2020-07-08,16:34,,,,,,,,,,,,,,,,,,,
01140577030052,Tc,Tc park,48.249084,-115.088866,2020-07-08,18:10,,,,,,,,,,,,,,,,,,,
01140577030052,Tc,Tc top 1,48.25305,-115.071772,2020-07-08,18:41,,,,,,,,,,,,,,,,,,,
01140577030052,Tc,Tc 1,48.252698,-115.072133,2020-07-08,18:46,,,,,,,,,,,,,,,,,,,
01140577030052,Tc,Tc Top 2,48.252845,-115.071121,2020-07-08,18:55,,,,,,,,,,,,,,,,,,,
01140577030052,Tc,Tc 2 3,48.252275,-115.070607,2020-07-08,18:56,,,,,,,,,,,,,,,,,,,
01140577030052,Tc,Tc 2 1,48.252388,-115.070631,2020-07-08,18:56,,,,,,,,,,,,,,,,,,,
01140577030052,Tc,Tc 2,48.252544,-115.071023,2020-07-08,18:56,,,,,,,,,,,,,,,,,,,
01140577030052,Tc,Tc 3 3,48.252043,-115.070607,2020-07-08,19:02,,,,,,,,,,,,,,,,,,,
01140577030052,Tc,Tc 4 3,48.251681,-115.07119,2020-07-08,19:02,,,,,,,,,,,,,,,,,,,
01140577030052,Tc,Tc 3 2,48.251959,-115.071091,2020-07-08,19:03,,,,,,,,,,,,,,,,,,,
01140577030052,Tc,Tc 4 1,48.251705,-115.07027,2020-07-08,19:08,,,,,,,,,,,,,,,,,,,
01140577030052,Tc,Tc 4 2,48.251545,-115.07037,2020-07-08,19:11,,,,,,,,,,,,,,,,,,,
01140577030052,Tc,Tc 3 1,48.252243,-115.071288,2020-07-08,19:14,,,,,,,,,,,,,,,,,,,
01140577020027,Tam,Tam park,48.244354,-115.097111,2020-07-08,21:02,,,,,,,,,,,,,,,,,,,
01140577020027,Tam,Tam 1 1,48.244845,-115.096611,2020-07-08,21:04,,,,,,,,,,,,,,,,,,,
01140577020027,Tam,Tam 1 3,48.245267,-115.097363,2020-07-08,21:10,,,,,,,,,,,,,,,,,,,
01140577020027,Tam,Tam 1 2,48.245146,-115.097063,2020-07-08,21:10,,,,,,,,,,,,,,,,,,,
01140577020027,Tam,Tam top 1,48.244467,-115.09669,2020-07-08,21:20,,,,,,,,,,,,,,,,,,,
01140577020027,Tam,Tam 2 3,48.245155,-115.099447,2020-07-08,21:23,,,,,,,,,,,,,,,,,,,
01140577020027,Tam,Tam 2 2,48.245552,-115.100478,2020-07-08,21:27,,,,,,,,,,,,,,,,,,,
01140577020027,Tam,Tam 2 1,48.24589,-115.09956,2020-07-08,21:27,,,,,,,,,,,,,,,,,,,
01140577020027,Tam,Tam 2 1,48.245704,-115.099558,2020-07-08,21:30,,,,,,,,,,,,,,,,,,,
01140577020027,Tam,Tam 3 1,48.245535,-115.100826,2020-07-08,21:36,,,,,,,,,,,,,,,,,,,
01140577020027,Tam,Tam 3 2,48.245803,-115.101657,2020-07-08,21:36,,,,,,,,,,,,,,,,,,,
01140577020027,Tam,Tam 4 3,48.246208,-115.102201,2020-07-08,21:36,,,,,,,,,,,,,,,,,,,
01140577020027,Tam,Tam 3 3,48.246115,-115.102596,2020-07-08,21:37,,,,,,,,,,,,,,,,,,,
01140577020027,Tam,Tam 4 2,48.246674,-115.102722,2020-07-08,21:40,,,,,,,,,,,,,,,,,,,
01140577020027,Tam,Tam 4 1,48.246185,-115.103058,2020-07-08,21:40,,,,,,,,,,,,,,,,,,,
01140577020027,Tam,Tam top 4,48.245797,-115.103417,2020-07-08,21:43,,,,,,,,,,,,,,,,,,,
01140596030002,Mg,Mg park,48.030545,-114.93296,2020-07-09,14:03,,,,,,,,,,,,,,,,,,,
01140596030002,Mg,Mg 1 1,48.029291,-114.929238,2020-07-09,14:13,,,,,,,,,,,,,,,,,,,
01140596030002,Mg,Mg 4 3,48.028591,-114.928034,2020-07-09,14:20,,,,,,,,,,,,,,,,,,,
01140596030002,Mg,Mg 2 3,48.02873,-114.927502,2020-07-09,14:21,,,,,,,,,,,,,,,,,,,
01140593050095,PV,Pv park,48.211791,-114.844426,2020-07-09,16:22,,,,,,,,,,,,,,,,,,,
01140593050095,PV,Pv top1 or 2,48.212131,-114.844477,2020-07-09,16:26,,,,,,,,,,,,,,,,,,,
01140593050095,PV,Pv 4 2,48.212983,-114.845651,2020-07-09,16:35,,,,,,,,,,,,,,,,,,,
01140593050095,PV,Pv 3 1,48.213292,-114.847068,2020-07-09,16:43,,,,,,,,,,,,,,,,,,,
01140593050095,PV,Pv 3 2,48.213043,-114.847116,2020-07-09,16:43,,,,,,,,,,,,,,,,,,,
01140593050095,PV,Pv 2 1,48.212481,-114.846492,2020-07-09,16:46,,,,,,,,,,,,,,,,,,,
01140593050095,PV,Pv 2 2,48.212282,-114.846669,2020-07-09,16:47,,,,,,,,,,,,,,,,,,,
01140593050095,PV,Pv 1 1,48.213894,-114.846419,2020-07-09,16:55,,,,,,,,,,,,,,,,,,,
01140593050095,PV,Pv 1 2,48.21374,-114.846691,2020-07-09,16:57,,,,,,,,,,,,,,,,,,,
01160413020023,Lozeau,Lozeau park,47.181846,-114.668506,2020-07-14,16:34,,,,,,,,,,,,,,,,,,,
01160413020023,Lozeau,Lozeau top,47.182975,-114.668504,2020-07-14,16:43,,,,,,,,,,,,,,,,,,,
01160413020023,Lozeau,Lozeau 1 sign?,47.183745,-114.669561,2020-07-14,16:58,,,,,,,,,,,,,,,,,,,
01160413020023,Lozeau,Lozeau 2,47.18225,-114.668167,2020-07-14,17:03,,,,,,,,,,,,,,,,,,,
01160413020023,Lozeau,Lozeau 3 tree59,47.182601,-114.667013,2020-07-14,17:11,,,,,,,,,,,,,,,,,,,
01160413020023,Lozeau,Lozeau 4,47.18294,-114.666594,2020-07-14,17:12,,,,,,,,,,,,,,,,,,,
01160805010036,Shamrock,Shamrock park,47.557688,-115.509578,2020-07-15,16:45,,,,,,,,,,,,,,,,,,,
01160805010036,Shamrock,Shamrock top 4,47.557585,-115.511139,2020-07-15,16:45,,,,,,,,,,,,,,,,,,,
01160805010036,Shamrock,Shamrock 3 top,47.555048,-115.508955,2020-07-15,17:16,,,,,,,,,,,,,,,,,,,
01160805010036,Shamrock,Shamrock 3 tree112,47.555225,-115.508767,2020-07-15,17:16,,,,,,,,,,,,,,,,,,,
01160805010036,Shamrock,Shamrock kelly hump,47.557126,-115.51082,2020-07-15,17:25,,,,,,,,,,,,,,,,,,,
01160805010036,Shamrock,Shamrock 1 top,47.556877,-115.510678,2020-07-15,17:25,,,,,,,,,,,,,,,,,,,
01160805010036,Shamrock,Shamrock 1 tree1,47.556243,-115.511582,2020-07-15,17:29,,,,,,,,,,,,,,,,,,,
01160805010036,Shamrock,Shamrock 2 top,47.555883,-115.510137,2020-07-15,17:37,,,,,,,,,,,,,,,,,,,
01160805010036,Shamrock,Shamrock 2 tree84,47.555808,-115.510258,2020-07-15,17:37,,,,,,,,,,,,,,,,,,,
01160805010036,Shamrock,Shamrock 4 top,47.558146,-115.513201,2020-07-15,17:53,,,,,,,,,,,,,,,,,,,
01160805010036,Shamrock,Shamrock 4 top,47.558169,-115.513169,2020-07-15,17:54,,,,,,,,,,,,,,,,,,,
01160805010036,Shamrock,Shamrock 4 tree89,47.55805,-115.513137,2020-07-15,17:55,,,,,,,,,,,,,,,,,,,
01160770010016,Lmp,Lpm park,47.279034,-114.977234,2020-07-15,20:27,,,,,,,,,,,,,,,,,,,
01160770010016,Lmp,Lpm 4/3 top,47.277933,-114.978823,2020-07-15,20:37,,,,,,,,,,,,,,,,,,,
01160770010016,Lmp,Lpm 4 tree151,47.277253,-114.978989,2020-07-15,20:55,,,,,,,,,,,,,,,,,,,
01160770010016,Lmp,Lpm 3 tree106,47.27696,-114.977817,2020-07-15,21:07,,,,,,,,,,,,,,,,,,,
01160770010016,Lmp,Lpm 1 tree311,47.278852,-114.974382,2020-07-15,22:41,,,,,,,,,,,,,,,,,,,
01160770010016,Lmp,Lpm 1,47.278732,-114.974086,2020-07-15,22:41,,,,,,,,,,,,,,,,,,,
01160770010016,Lmp,Lpm top,47.279,-114.975375,2020-07-15,22:41,,,,,,,,,,,,,,,,,,,
01160770010016,Lmp,Lpm 1,47.278581,-114.973718,2020-07-15,22:42,,,,,,,,,,,,,,,,,,,
01160770010016,Lmp,Lpm 2 tree37,47.27782,-114.973261,2020-07-15,22:49,,,,,,,,,,,,,,,,,,,
01160503010003,Ftc,Ftc park,47.846162,-115.171075,2020-07-16,17:55,,,,,,,,,,,,,,,,,,,
01160503010003,Ftc,Ftc top 3/4,47.847476,-115.166969,2020-07-16,18:03,,,,,,,,,,,,,,,,,,,
01160503010003,Ftc,Ftc 4 tree15,47.847439,-115.167705,2020-07-16,18:07,,,,,,,,,,,,,,,,,,,
01160503010003,Ftc,Ftc 3 1,47.847428,-115.168554,2020-07-16,18:09,,,,,,,,,,,,,,,,,,,
01160503010003,Ftc,Ftc 4 2,47.847824,-115.167672,2020-07-16,18:14,,,,,,,,,,,,,,,,,,,
01160503010003,Ftc,Ftc top 4,47.847477,-115.167012,2020-07-16,18:14,,,,,,,,,,,,,,,,,,,
01160503010003,Ftc,Ftc top 2,47.850803,-115.16798,2020-07-16,18:23,,,,,,,,,,,,,,,,,,,
01160503010003,Ftc,Ftc 2 tree5,47.850579,-115.168668,2020-07-16,18:25,,,,,,,,,,,,,,,,,,,
01160503010003,Ftc,Ftc 1 tree6,47.850356,-115.168535,2020-07-16,18:43,,,,,,,,,,,,,,,,,,,
01160502030003,Bound,Bound park,47.8779,-115.24256,2020-07-16,19:43,,,,,,,,,,,,,,,,,,,
01160502030003,Bound,Bound top,47.876976,-115.244871,2020-07-16,19:55,,,,,,,,,,,,,,,,,,,
01160502030003,Bound,Bound 4 tree505,47.877424,-115.244603,2020-07-16,20:01,,,,,,,,,,,,,,,,,,,
01160502030003,Bound,Bound 3 tree88,47.877282,-115.245143,2020-07-16,20:02,,,,,,,,,,,,,,,,,,,
01160502030003,Bound,Bound 2 tree46,47.877851,-115.246216,2020-07-16,20:22,,,,,,,,,,,,,,,,,,,
01160502030003,Bound,Bound 2 tree46 2,47.877827,-115.246391,2020-07-16,20:38,,,,,,,,,,,,,,,,,,,
01160502030003,Bound,Bound fs sign,47.877813,-115.246399,2020-07-16,20:38,,,,,,,,,,,,,,,,,,,
01160502030003,Bound,Bound 2 2,47.877518,-115.246408,2020-07-16,20:38,,,,,,,,,,,,,,,,,,,
01160502030003,Bound,Bound 1 2,47.877873,-115.246903,2020-07-16,20:38,,,,,,,,,,,,,,,,,,,
01160502030003,Bound,Bound easy top,47.877115,-115.24463,2020-07-16,20:52,,,,,,,,,,,,,,,,,,,
01160713010003,Divide,Divide park,47.468461,-115.234581,2020-07-17,16:32,,,,,,,,,,,,,,,,,,,
01160713010003,Divide,Divide fork,47.466355,-115.239949,2020-07-17,16:43,,,,,,,,,,,,,,,,,,,
01160713010003,Divide,Divide temp top,47.465773,-115.241394,2020-07-17,17:05,,,,,,,,,,,,,,,,,,,
01160713010003,Divide,Divide top1,47.464936,-115.247048,2020-07-17,17:49,,,,,,,,,,,,,,,,,,,
01160713010003,Divide,Divide 2,47.465238,-115.246858,2020-07-17,17:53,,,,,,,,,,,,,,,,,,,
01160713010003,Divide,Divide 1,47.465819,-115.247264,2020-07-17,18:10,,,,,,,,,,,,,,,,,,,
01160713010003,Divide,Divide top 2,47.465847,-115.248816,2020-07-17,18:27,,,,,,,,,,,,,,,,,,,
01160713010003,Divide,Divide 3,47.466448,-115.248655,2020-07-17,19:03,,,,,,,,,,,,,,,,,,,
01160713010003,Divide,Divide 4,47.467457,-115.24874,2020-07-17,19:03,,,,,,,,,,,,,,,,,,,
01140343020046,Sunday,Sunday park,48.630705,-114.742713,2020-07-20,17:36,,,,,,,,,,,,,,,,,,,
01140343020046,Sunday,Sunday top 2,48.623692,-114.742317,2020-07-20,18:03,,,,,,,,,,,,,,,,,,,
01140343020046,Sunday,Sunday 2,48.623163,-114.742102,2020-07-20,18:08,,,,,,,,,,,,,,,,,,,
01140343020046,Sunday,Sunday 2 3,48.623142,-114.74258,2020-07-20,18:17,,,,,,,,,,,,,,,,,,,
01140343020046,Sunday,Sunday 3 1,48.622947,-114.744566,2020-07-20,18:23,,,,,,,,,,,,,,,,,,,
01140343020046,Sunday,Sunday 4 1,48.623698,-114.743976,2020-07-20,18:36,,,,,,,,,,,,,,,,,,,
01140343020046,Sunday,Louis park,48.625631,-114.774454,2020-07-20,20:00,,,,,,,,,,,,,,,,,,,
01140334030067,Louis ,Louis 4 1,48.633817,-114.773315,2020-07-20,20:33,,,,,,,,,,,,,,,,,,,
01140334030067,Louis ,Louis 3 1,48.634367,-114.7731,2020-07-20,20:33,,,,,,,,,,,,,,,,,,,
01140334030067,Louis ,Louis 4 3,48.634245,-114.772341,2020-07-20,20:36,,,,,,,,,,,,,,,,,,,
01140334030067,Louis ,Louis 3 1,48.634297,-114.773006,2020-07-20,20:36,,,,,,,,,,,,,,,,,,,
01140334030067,Louis ,Louis 4 2,48.632971,-114.771371,2020-07-20,20:42,,,,,,,,,,,,,,,,,,,
01140334030067,Louis ,Louis 1 2,48.635116,-114.771973,2020-07-20,20:48,,,,,,,,,,,,,,,,,,,
01140334030067,Louis ,Louis 3 2,48.63495,-114.772883,2020-07-20,20:53,,,,,,,,,,,,,,,,,,,
01140334030067,Louis ,Louis 3 3,48.634883,-114.772518,2020-07-20,20:59,,,,,,,,,,,,,,,,,,,
01140334030067,Louis ,Louis 2 1,48.634908,-114.773988,2020-07-20,21:01,,,,,,,,,,,,,,,,,,,
01140334030067,Louis ,Louis 1 1,48.635881,-114.77441,2020-07-20,21:07,,,,,,,,,,,,,,,,,,,
01140334030067,Louis ,Louis 2 2,48.635953,-114.773764,2020-07-20,21:18,,,,,,,,,,,,,,,,,,,
01140334030067,Louis ,Louis 2 3,48.636209,-114.773599,2020-07-20,21:22,,,,,,,,,,,,,,,,,,,
01140313010001,Williams ,Wilson park,48.843732,-114.823659,2020-07-21,13:38,,,,,,,,,,,,,,,,,,,
01140313010001,Williams ,Wilson tem top,48.858703,-114.804527,2020-07-21,14:40,,,,,,,,,,,,,,,,,,,
01140313010001,Williams ,Wilson 2 3,48.858235,-114.804689,2020-07-21,14:41,,,,,,,,,,,,,,,,,,,
01140313010001,Williams ,Wilson 2 1,48.858529,-114.804028,2020-07-21,14:47,,,,,,,,,,,,,,,,,,,
01140313010001,Williams ,Wilson 3 3,48.858977,-114.802473,2020-07-21,14:55,,,,,,,,,,,,,,,,,,,
01140313010001,Williams ,Wilson top 3,48.859257,-114.802714,2020-07-21,14:57,,,,,,,,,,,,,,,,,,,
01140313010001,Williams ,Wilson 4 2,48.858741,-114.805223,2020-07-21,15:04,,,,,,,,,,,,,,,,,,,
01140313010001,Williams ,Wilson top 4,48.858329,-114.80528,2020-07-21,15:06,,,,,,,,,,,,,,,,,,,
01140313010001,Williams ,Wilson 1 2,48.857982,-114.805615,2020-07-21,15:13,,,,,,,,,,,,,,,,,,,
01140313010001,Williams ,Wilson top 1,48.858138,-114.805772,2020-07-21,15:15,,,,,,,,,,,,,,,,,,,
01140120010011,Pinkham,Pinkham park,48.736511,-115.052151,2020-07-21,17:06,,,,,,,,,,,,,,,,,,,
01140120010011,Pinkham,Pinkham 4 3,48.736027,-115.053587,2020-07-21,17:18,,,,,,,,,,,,,,,,,,,
01140120010011,Pinkham,Pinkham 4 2,48.736289,-115.053271,2020-07-21,17:25,,,,,,,,,,,,,,,,,,,
01140120010011,Pinkham,Pinkham 4 1,48.736442,-115.052958,2020-07-21,17:25,,,,,,,,,,,,,,,,,,,
01140120010011,Pinkham,Pinkham 3 1,48.737004,-115.055835,2020-07-21,17:37,,,,,,,,,,,,,,,,,,,
01140120010011,Pinkham,Pinkham 3 2,48.736818,-115.056127,2020-07-21,17:38,,,,,,,,,,,,,,,,,,,
01140120010011,Pinkham,Pinkham 1 1,48.736225,-115.055345,2020-07-21,17:47,,,,,,,,,,,,,,,,,,,
01140120010011,Pinkham,Pinkham 1 2,48.736099,-115.055616,2020-07-21,17:54,,,,,,,,,,,,,,,,,,,
01140120010011,Pinkham,Pinkham 2 1,48.73553,-115.055358,2020-07-21,17:54,,,,,,,,,,,,,,,,,,,
01140120010011,Pinkham,Pinkham 2 2,48.735317,-115.055624,2020-07-21,17:54,,,,,,,,,,,,,,,,,,,
01140120010011,Pinkham,Pinkham top 1,48.73543,-115.053858,2020-07-21,18:02,,,,,,,,,,,,,,,,,,,
01140119020008,Helmer,Helmer park,48.794925,-115.180448,2020-07-21,19:25,,,,,,,,,,,,,,,,,,,
01140119020008,Helmer,Helmer top 1,48.792152,-115.183518,2020-07-21,19:34,,,,,,,,,,,,,,,,,,,
01140119020008,Helmer,Helmer 1 1,48.79174,-115.182929,2020-07-21,19:41,,,,,,,,,,,,,,,,,,,
01140119020008,Helmer,Helmer top 4,48.790126,-115.183765,2020-07-21,19:52,,,,,,,,,,,,,,,,,,,
01140119020008,Helmer,Helmer 3 3,48.790134,-115.184573,2020-07-21,19:53,,,,,,,,,,,,,,,,,,,
01140119020008,Helmer,Helmer 3 2,48.789928,-115.184885,2020-07-21,19:58,,,,,,,,,,,,,,,,,,,
01140119020008,Helmer,Helmer pink flagging,48.789839,-115.18376,2020-07-21,20:17,,,,,,,,,,,,,,,,,,,
01140119020008,Helmer,Helmer 4 2,48.791249,-115.187163,2020-07-21,20:27,,,,,,,,,,,,,,,,,,,
01140119020008,Helmer,Helmer 2 1,48.791437,-115.184979,2020-07-21,20:34,,,,,,,,,,,,,,,,,,,
01140119020008,Helmer,Helmer top 2,48.791434,-115.1838,2020-07-21,20:34,,,,,,,,,,,,,,,,,,,
01140123030001,Flat,Flat park,48.727429,-115.234294,2020-07-21,21:47,,,,,,,,,,,,,,,,,,,
01140123030001,Flat,Flat top,48.727531,-115.234158,2020-07-21,21:55,,,,,,,,,,,,,,,,,,,
01140123030001,Flat,Flat 1 3,48.727041,-115.233655,2020-07-21,21:55,,,,,,,,,,,,,,,,,,,
01140123030001,Flat,Flat 1 2,48.727169,-115.23347,2020-07-21,21:56,,,,,,,,,,,,,,,,,,,
01140123030001,Flat,Flat 2 3,48.729209,-115.23366,2020-07-21,22:05,,,,,,,,,,,,,,,,,,,
01140123030001,Flat,Flat 2 2,48.729511,-115.233528,2020-07-21,22:05,,,,,,,,,,,,,,,,,,,
01140123030001,Flat,Flat 2 1,48.729762,-115.233419,2020-07-21,22:07,,,,,,,,,,,,,,,,,,,
01140123030001,Flat,Flat 3 3,48.730565,-115.232948,2020-07-21,22:13,,,,,,,,,,,,,,,,,,,
01140123030001,Flat,Flat 3 2,48.730672,-115.232844,2020-07-21,22:13,,,,,,,,,,,,,,,,,,,
01140123030001,Flat,Flat 4 1,48.728371,-115.232145,2020-07-21,22:21,,,,,,,,,,,,,,,,,,,
01140103010001,Marias,Marias park,48.961209,-115.280382,2020-07-22,14:14,,,,,,,,,,,,,,,,,,,
01140103010001,Marias,Marias 3 tree 302,48.960208,-115.281174,2020-07-22,14:32,,,,,,,,,,,,,,,,,,,
01140429040108,Henry,Henry park,48.880162,-115.483595,2020-07-22,15:53,,,,,,,,,,,,,,,,,,,
01140429040108,Henry,Henry park,48.880032,-115.483415,2020-07-22,15:55,,,,,,,,,,,,,,,,,,,
01140429040108,Henry,Henry pink flagging,48.879759,-115.484841,2020-07-22,16:35,,,,,,,,,,,,,,,,,,,
01140429040108,Henry,Henry 1 1,48.880485,-115.486624,2020-07-22,16:36,,,,,,,,,,,,,,,,,,,
01140429040108,Henry,Henry 2 3,48.880082,-115.487829,2020-07-22,16:44,,,,,,,,,,,,,,,,,,,
01140429040108,Henry,Henry 4 1,48.881075,-115.488534,2020-07-22,17:01,,,,,,,,,,,,,,,,,,,
01140429040108,Henry,Henry 4 2,48.881345,-115.488686,2020-07-22,17:01,,,,,,,,,,,,,,,,,,,
01140429040108,Henry,Henry 3 1,48.881513,-115.485659,2020-07-22,17:12,,,,,,,,,,,,,,,,,,,
01140429040108,Henry,Henry entry,48.881545,-115.483399,2020-07-22,17:15,,,,,,,,,,,,,,,,,,,
01140109010001,Thirsty,Thirsty park,48.78947,-115.358135,2020-07-22,19:52,,,,,,,,,,,,,,,,,,,
01140109010001,Thirsty,Thirsty top,48.794177,-115.361756,2020-07-22,20:10,,,,,,,,,,,,,,,,,,,
01140109010001,Thirsty,Thirsty 1,48.793006,-115.360996,2020-07-22,20:18,,,,,,,,,,,,,,,,,,,
01140109010001,Thirsty,Thirsty 1 2,48.793468,-115.36094,2020-07-22,20:18,,,,,,,,,,,,,,,,,,,
01140109010001,Thirsty,Thirsty 2 2,48.791973,-115.360233,2020-07-22,20:29,,,,,,,,,,,,,,,,,,,
01140109010001,Thirsty,Thirsty 2 2,48.791946,-115.360332,2020-07-22,20:29,,,,,,,,,,,,,,,,,,,
01140109010001,Thirsty,Thirsty 3 1,48.790479,-115.358549,2020-07-22,20:36,,,,,,,,,,,,,,,,,,,
01140109010001,Thirsty,Thirsty 3 2,48.790222,-115.358267,2020-07-22,20:45,,,,,,,,,,,,,,,,,,,
01140340050082,Beaver,Beaver park,48.609331,-114.966908,2020-07-23,13:53,,,,,,,,,,,,,,,,,,,
01140340050082,Beaver,Beaver top 1,48.607051,-114.967828,2020-07-23,13:53,,,,,,,,,,,,,,,,,,,
01140340050082,Beaver,Beaver top 1,48.606772,-114.967819,2020-07-23,13:55,,,,,,,,,,,,,,,,,,,
01140340050082,Beaver,Beaver 1 1,48.606109,-114.969783,2020-07-23,14:04,,,,,,,,,,,,,,,,,,,
01140340050082,Beaver,Beaver tree 49 red,48.606563,-114.968767,2020-07-23,14:04,,,,,,,,,,,,,,,,,,,
01140340050082,Beaver,Beaver 3 2,48.60699,-114.966268,2020-07-23,14:16,,,,,,,,,,,,,,,,,,,
01140340050082,Beaver,Beaver 3 1,48.607871,-114.966028,2020-07-23,14:26,,,,,,,,,,,,,,,,,,,
01140340050082,Beaver,Beaver 3 3,48.607457,-114.964202,2020-07-23,14:33,,,,,,,,,,,,,,,,,,,
01140340050082,Beaver,Beaver 1 3,48.610299,-114.960967,2020-07-23,14:44,,,,,,,,,,,,,,,,,,,
01140340050082,Beaver,Beaver 1 2,48.610613,-114.961094,2020-07-23,14:46,,,,,,,,,,,,,,,,,,,
01140340050082,Beaver,Beaver top,48.610267,-114.961713,2020-07-23,14:51,,,,,,,,,,,,,,,,,,,
01140340050082,Beaver,Beaver 2 1,48.609082,-114.965487,2020-07-23,14:55,,,,,,,,,,,,,,,,,,,
01140340050082,Beaver,Beaver 2 1,48.609042,-114.96564,2020-07-23,14:57,,,,,,,,,,,,,,,,,,,
01140340050082,Beaver,Beaver 2 2,48.609373,-114.966368,2020-07-23,15:01,,,,,,,,,,,,,,,,,,,
01140340050082,Beaver,Beaver top 2,48.609417,-114.966786,2020-07-23,15:01,,,,,,,,,,,,,,,,,,,
01140340050082,Beaver,Beaver 2 3,48.610018,-114.968314,2020-07-23,15:03,,,,,,,,,,,,,,,,,,,
01140340050082,Beaver,Beaver 4 1,48.609406,-114.969171,2020-07-23,15:05,,,,,,,,,,,,,,,,,,,
01140340050082,Beaver,Beaver 4 2,48.608438,-114.969823,2020-07-23,15:11,,,,,,,,,,,,,,,,,,,
01140340050082,Beaver,Beaver 4 3,48.608199,-114.968796,2020-07-23,15:11,,,,,,,,,,,,,,,,,,,
01140580010002,Weigel,Wiegle park,48.494678,-115.043924,2020-07-23,15:59,,,,,,,,,,,,,,,,,,,
01140580010002,Weigel,Weigel park,48.494747,-115.043844,2020-07-23,16:01,,,,,,,,,,,,,,,,,,,
01140580010002,Weigel,Weigel top 2,48.491293,-115.04366,2020-07-23,16:09,,,,,,,,,,,,,,,,,,,
01140580010002,Weigel,Weigel 2 2,48.491468,-115.040253,2020-07-23,16:30,,,,,,,,,,,,,,,,,,,
01140580010002,Weigel,Weigel 2 3,48.491328,-115.039896,2020-07-23,16:30,,,,,,,,,,,,,,,,,,,
01140580010002,Weigel,Weigel 1 1,48.491104,-115.039558,2020-07-23,16:36,,,,,,,,,,,,,,,,,,,
01140580010002,Weigel,Weigel 4 2,48.49211,-115.03855,2020-07-23,16:36,,,,,,,,,,,,,,,,,,,
01140580010002,Weigel,Weigel 1 2,48.491042,-115.039159,2020-07-23,16:36,,,,,,,,,,,,,,,,,,,
01140580010002,Weigel,Weigel 4 1,48.491923,-115.038886,2020-07-23,16:36,,,,,,,,,,,,,,,,,,,
01140580010002,Weigel,Weigel 3 1,48.493773,-115.042739,2020-07-23,16:49,,,,,,,,,,,,,,,,,,,
01140580010002,Weigel,Weigel 3 2,48.493573,-115.042569,2020-07-23,16:50,,,,,,,,,,,,,,,,,,,
01140580010002,Weigel,Weigel top 3,48.493592,-115.043231,2020-07-23,16:54,,,,,,,,,,,,,,,,,,,
01140557010003,Five,Five park,48.530289,-115.070903,2020-07-23,19:21,,,,,,,,,,,,,,,,,,,
01140557010003,Five,Five 2 1,48.530964,-115.071975,2020-07-23,19:30,,,,,,,,,,,,,,,,,,,
01140557010003,Five,Five 1 3,48.53136,-115.070743,2020-07-23,19:34,,,,,,,,,,,,,,,,,,,
01140557010003,Five,Five 1 2,48.53152,-115.070412,2020-07-23,19:39,,,,,,,,,,,,,,,,,,,
01140557010003,Five,Five 4 3,48.531961,-115.067983,2020-07-23,19:39,,,,,,,,,,,,,,,,,,,
01140557010003,Five,Five 1 1,48.531657,-115.070094,2020-07-23,19:39,,,,,,,,,,,,,,,,,,,
01140557010003,Five,Five 3 3,48.532145,-115.066995,2020-07-23,19:41,,,,,,,,,,,,,,,,,,,
01140557010003,Five,Five top 4,48.531332,-115.067033,2020-07-23,19:43,,,,,,,,,,,,,,,,,,,
01140557010003,Five,Five top 1,48.530917,-115.068587,2020-07-23,19:46,,,,,,,,,,,,,,,,,,,
01160745030390,Bear ,Bear park,47.211369,-115.126302,2020-07-27,16:41,,,,,,,,,,,,,,,,,,,
01160745030390,Bear ,Bear top 1,47.211764,-115.126196,2020-07-27,16:41,,,,,,,,,,,,,,,,,,,
01160745030390,Bear ,Bear 4 2,47.212808,-115.127442,2020-07-27,16:53,,,,,,,,,,,,,,,,,,,
01160745030390,Bear ,Bear 3 2,47.211654,-115.127223,2020-07-27,16:54,,,,,,,,,,,,,,,,,,,
01160745030390,Bear ,Bear temp top,47.213625,-115.123921,2020-07-27,17:12,,,,,,,,,,,,,,,,,,,
01160745030390,Bear ,Bear temp top 2,47.2133,-115.124023,2020-07-27,17:14,,,,,,,,,,,,,,,,,,,
01160745030390,Bear ,Bear 1,47.212773,-115.123781,2020-07-27,17:19,,,,,,,,,,,,,,,,,,,
01160745030390,Bear ,Bear 2 2,47.212885,-115.125624,2020-07-27,17:28,,,,,,,,,,,,,,,,,,,
01050607020008,Beaver Ridge,Beaver ridge top,46.552241,-114.525469,2020-07-28,18:21,,,,,,,,,,,,,,,,,,,
01050607020008,Beaver Ridge,Beaver ridge 1,46.552686,-114.525856,2020-07-28,18:22,,,,,,,,,,,,,,,,,,,
01050607020008,Beaver Ridge,Beaver ridge 2,46.553168,-114.526706,2020-07-28,18:24,,,,,,,,,,,,,,,,,,,
01050607020008,Beaver Ridge,Beaver ridge 3,46.553201,-114.524219,2020-07-28,18:30,,,,,,,,,,,,,,,,,,,
01050607020008,Beaver Ridge,Beaver ridge 4,46.553348,-114.52211,2020-07-28,18:32,,,,,,,,,,,,,,,,,,,
01030399060040,Teepee Point ,Tp pt park,45.934268,-113.806121,2020-07-29,16:48,,,,,,,,,,,,,,,,,,,
01030399060040,Teepee Point ,Tp pt 1 2,45.934028,-113.807111,2020-07-29,16:57,,,,,,,,,,,,,,,,,,,
01030399060040,Teepee Point ,Tp pt top,45.934241,-113.807072,2020-07-29,16:57,,,,,,,,,,,,,,,,,,,
01030399060040,Teepee Point ,Tp pt 1 1,45.933967,-113.806138,2020-07-29,17:02,,,,,,,,,,,,,,,,,,,
01030399060040,Teepee Point ,Tp pt 2 1,45.933449,-113.805037,2020-07-29,17:06,,,,,,,,,,,,,,,,,,,
01030399060040,Teepee Point ,Tp pt 2 2,45.933778,-113.805607,2020-07-29,17:06,,,,,,,,,,,,,,,,,,,
01030399060040,Teepee Point ,Tp pt 2 3,45.933915,-113.806232,2020-07-29,17:09,,,,,,,,,,,,,,,,,,,
01030399060040,Teepee Point ,Tp pt 1 3,45.934774,-113.807941,2020-07-29,17:16,,,,,,,,,,,,,,,,,,,
01030399060040,Teepee Point ,Tp pt huckleberries,45.934819,-113.808076,2020-07-29,17:16,,,,,,,,,,,,,,,,,,,
01030399060040,Teepee Point ,Tp pt 4 1,45.934939,-113.808355,2020-07-29,17:19,,,,,,,,,,,,,,,,,,,
01030399060040,Teepee Point ,Tp pt 3 1,45.935193,-113.808969,2020-07-29,17:27,,,,,,,,,,,,,,,,,,,
01030399060040,Teepee Point ,Tp pt 3 2,45.935592,-113.808465,2020-07-29,17:28,,,,,,,,,,,,,,,,,,,
01030399060040,Teepee Point ,Tp pt 4 2,45.934954,-113.809243,2020-07-29,17:40,,,,,,,,,,,,,,,,,,,
01030399060040,Teepee Point ,Tp pt 3 3,45.935776,-113.809112,2020-07-29,17:40,,,,,,,,,,,,,,,,,,,
01030399060040,Teepee Point ,Tp pt 4 3,45.935053,-113.80981,2020-07-29,17:40,,,,,,,,,,,,,,,,,,,
01030110080102,Gold Creek,Gold creek park,46.348552,-113.947708,2020-07-29,20:36,,,,,,,,,,,,,,,,,,,
01030110080102,Gold Creek,Gold creek top,46.349507,-113.944583,2020-07-29,20:40,,,,,,,,,,,,,,,,,,,
01030110080102,Gold Creek,Gold creek top,46.349498,-113.944634,2020-07-29,20:41,,,,,,,,,,,,,,,,,,,
01030110080102,Gold Creek,Gold creek top,46.349447,-113.944584,2020-07-29,20:42,,,,,,,,,,,,,,,,,,,
01030110080102,Gold Creek,Gold creek 1,46.3498,-113.944245,2020-07-29,20:51,,,,,,,,,,,,,,,,,,,
01030110080102,Gold Creek,Gold creek 2,46.349766,-113.943818,2020-07-29,20:59,,,,,,,,,,,,,,,,,,,
01030110080102,Gold Creek,Gold creek 4,46.349266,-113.943087,2020-07-29,21:04,,,,,,,,,,,,,,,,,,,
01030110080102,Gold Creek,Gold creek 3,46.349756,-113.942559,2020-07-29,21:07,,,,,,,,,,,,,,,,,,,
01160515030021,Coney,Coney park,47.682333,-114.746716,2020-07-30,17:47,,,,,,,,,,,,,,,,,,,
01160515030021,Coney,Coney 3 2,47.681786,-114.760144,2020-07-30,18:42,,,,,,,,,,,,,,,,,,,
01160515030021,Coney,Coney 3 2,47.681717,-114.760064,2020-07-30,18:42,,,,,,,,,,,,,,,,,,,
01160515030021,Coney,Coney 3 2,47.681644,-114.760047,2020-07-30,18:48,,,,,,,,,,,,,,,,,,,
01160515030021,Coney,Coney 4 3,47.682391,-114.759591,2020-07-30,18:51,,,,,,,,,,,,,,,,,,,
01160515030021,Coney,Coney 2 2,47.680618,-114.759491,2020-07-30,19:37,,,,,,,,,,,,,,,,,,,
01160515030021,Coney,Coney 1 2,47.68057,-114.757056,2020-07-30,19:48,,,,,,,,,,,,,,,,,,,
01040430040029,Mazie,Mazie park,46.984678,-116.30978,2020-08-03,14:52,,,,,,,,,,,,,,,,,,,
01040430040029,Mazie,Mazie top 1,46.984627,-116.309615,2020-08-03,14:52,,,,,,,,,,,,,,,,,,,
01040430040029,Mazie,Mazie 1,46.980832,-116.310722,2020-08-03,15:27,,,,,,,,,,,,,,,,,,,
01040430040029,Mazie,Mazie 1,46.981104,-116.311128,2020-08-03,15:41,,,,,,,,,,,,,,,,,,,
01040430040029,Mazie,Mazie 2,46.982199,-116.310407,2020-08-03,15:41,,,,,,,,,,,,,,,,,,,
01040430040029,Mazie,Mazie 2,46.982058,-116.311288,2020-08-03,15:41,,,,,,,,,,,,,,,,,,,
01040430040029,Mazie,Mazie orange flag?,46.983553,-116.311728,2020-08-03,16:19,,,,,,,,,,,,,,,,,,,
01040430020001,Estes,Estes park,47.002468,-116.286316,2020-08-03,17:15,,,,,,,,,,,,,,,,,,,
01040430020001,Estes,Estes 1,47.002262,-116.286485,2020-08-03,17:15,,,,,,,,,,,,,,,,,,,
01040430020001,Estes,Estes 1,47.002035,-116.286704,2020-08-03,17:34,,,,,,,,,,,,,,,,,,,
01040430020001,Estes,Estes 4,47.002029,-116.288424,2020-08-03,17:37,,,,,,,,,,,,,,,,,,,
01040430020001,Estes,Estes rebar?,47.001372,-116.286899,2020-08-03,17:46,,,,,,,,,,,,,,,,,,,
01040430020001,Estes,Estes 3,47.000879,-116.286411,2020-08-03,17:47,,,,,,,,,,,,,,,,,,,
01040430020001,Estes,Estes 1,47.001262,-116.285977,2020-08-03,17:57,,,,,,,,,,,,,,,,,,,
01040430020001,Estes,Estes 1,47.00246,-116.286779,2020-08-03,18:06,,,,,,,,,,,,,,,,,,,
01040430020001,Estes,Estes 1,47.0023,-116.286494,2020-08-03,18:06,,,,,,,,,,,,,,,,,,,
01040430020001,Estes,Estes 2,47.002591,-116.287662,2020-08-03,18:14,,,,,,,,,,,,,,,,,,,
01040430020001,Estes,Estes access,47.003036,-116.287621,2020-08-03,18:14,,,,,,,,,,,,,,,,,,,
01040430020001,Estes,Estes top,47.00317,-116.287043,2020-08-03,18:14,,,,,,,,,,,,,,,,,,,
01040430040020,John,John park,46.965479,-116.305105,2020-08-03,18:34,,,,,,,,,,,,,,,,,,,
01040430040020,John,John 2,46.967026,-116.298183,2020-08-03,18:51,,,,,,,,,,,,,,,,,,,
01040430040020,John,John 2,46.966992,-116.298391,2020-08-03,18:51,,,,,,,,,,,,,,,,,,,
01040430040020,John,John 4,46.96651,-116.300698,2020-08-03,19:10,,,,,,,,,,,,,,,,,,,
01040430040020,John,John 1,46.966699,-116.300079,2020-08-03,19:10,,,,,,,,,,,,,,,,,,,
01040430040020,John,John 3,46.966315,-116.300988,2020-08-03,19:41,,,,,,,,,,,,,,,,,,,
01040430040020,John,John 3,46.966252,-116.301249,2020-08-03,19:41,,,,,,,,,,,,,,,,,,,
01040431060003,Sher,Sher top 3,46.975996,-116.343559,2020-08-03,19:51,,,,,,,,,,,,,,,,,,,
01040431060003,Sher,Sher top 3,46.975986,-116.343685,2020-08-03,19:52,,,,,,,,,,,,,,,,,,,
01040431060003,Sher,Sher 3,46.975593,-116.343573,2020-08-03,19:58,,,,,,,,,,,,,,,,,,,
01040431060003,Sher,Sher 4 1,46.976108,-116.343438,2020-08-03,20:00,,,,,,,,,,,,,,,,,,,
01040431060003,Sher,Sher 3,46.975417,-116.343557,2020-08-03,20:00,,,,,,,,,,,,,,,,,,,
01040431060003,Sher,Sher 4 2,46.976004,-116.343468,2020-08-03,20:00,,,,,,,,,,,,,,,,,,,
01040431060003,Sher,Sher top 3,46.976221,-116.343683,2020-08-03,20:00,,,,,,,,,,,,,,,,,,,
01040431060003,Sher,Sher 3 2,46.975211,-116.343428,2020-08-03,20:00,,,,,,,,,,,,,,,,,,,
01040431060003,Sher,Sher park,46.976873,-116.34296,2020-08-03,20:01,,,,,,,,,,,,,,,,,,,
01040431060003,Sher,Sher 1,46.976432,-116.342955,2020-08-03,20:10,,,,,,,,,,,,,,,,,,,
01040431060003,Sher,Sher temp top1,46.976725,-116.343114,2020-08-03,20:11,,,,,,,,,,,,,,,,,,,
01040431060003,Sher,Sher 2,46.976707,-116.34361,2020-08-03,20:17,,,,,,,,,,,,,,,,,,,
01040429030016,Clark,Clark top2,47.026472,-116.277228,2020-08-03,21:13,,,,,,,,,,,,,,,,,,,
01040429030016,Clark,Clark 2,47.02655,-116.27763,2020-08-03,21:13,,,,,,,,,,,,,,,,,,,
01040429030016,Clark,Clark 4,47.024104,-116.278607,2020-08-03,21:46,,,,,,,,,,,,,,,,,,,
01040429030016,Clark,Clark top1,47.0242,-116.277537,2020-08-03,21:46,,,,,,,,,,,,,,,,,,,
01040429030016,Clark,Clark 1 1,47.024354,-116.278581,2020-08-03,21:46,,,,,,,,,,,,,,,,,,,
01040429030016,Clark,Clark 3,47.024943,-116.278211,2020-08-03,21:46,,,,,,,,,,,,,,,,,,,
01040429030016,Clark,Clark 1,47.024283,-116.278188,2020-08-03,21:46,,,,,,,,,,,,,,,,,,,
01040429030016,Clark,Clark 1 1,47.032786,-116.27568,2020-08-03,22:19,,,,,,,,,,,,,,,,,,,
01040429030010,Cedar,Cedar 1 1,47.032493,-116.275656,2020-08-03,22:21,,,,,,,,,,,,,,,,,,,
01040429030010,Cedar,Cedar 1 3,47.032522,-116.276067,2020-08-03,22:21,,,,,,,,,,,,,,,,,,,
01040429030010,Cedar,Cedar 1 1,47.032979,-116.275604,2020-08-03,22:21,,,,,,,,,,,,,,,,,,,
01040429030010,Cedar,cedar top1,47.032746,-116.275213,2020-08-03,22:24,,,,,,,,,,,,,,,,,,,
01040434010006,Elk,Elk park,47.079131,-116.243668,2020-08-04,15:17,,,,,,,,,,,,,,,,,,,
01040434010006,Elk,Elk top 2,47.077587,-116.245547,2020-08-04,15:25,,,,,,,,,,,,,,,,,,,
01040434010006,Elk,Elk 4,47.077929,-116.246382,2020-08-04,15:28,,,,,,,,,,,,,,,,,,,
01040434010006,Elk,Elk 4,47.078224,-116.246541,2020-08-04,15:36,,,,,,,,,,,,,,,,,,,
01040434010006,Elk,Elk 2,47.075834,-116.245564,2020-08-04,16:01,,,,,,,,,,,,,,,,,,,
01040434010006,Elk,Elk top 4,47.075901,-116.244837,2020-08-04,16:01,,,,,,,,,,,,,,,,,,,
01040434010006,Elk,Elk 1,47.080814,-116.245598,2020-08-04,16:22,,,,,,,,,,,,,,,,,,,
01040434010006,Elk,Elk 5,47.079962,-116.245714,2020-08-04,16:29,,,,,,,,,,,,,,,,,,,
01040434010006,Elk,Elk park 2,47.070442,-116.24092,2020-08-04,16:38,,,,,,,,,,,,,,,,,,,
01040434010006,Elk,Elk 3,47.075723,-116.242507,2020-08-04,17:02,,,,,,,,,,,,,,,,,,,
01040434010001,Old,Old 3,47.05805,-116.235842,2020-08-04,17:32,,,,,,,,,,,,,,,,,,,
01040434010001,Old,Old 2,47.057215,-116.234344,2020-08-04,17:32,,,,,,,,,,,,,,,,,,,
01040434010001,Old,Old 5,47.057443,-116.235076,2020-08-04,17:32,,,,,,,,,,,,,,,,,,,
01040434010001,Old,Old park,47.05874,-116.236912,2020-08-04,17:32,,,,,,,,,,,,,,,,,,,
01040434010001,Old,Old 4,47.055741,-116.234425,2020-08-04,17:42,,,,,,,,,,,,,,,,,,,
01040434010001,Old,Old 1,47.056555,-116.236635,2020-08-04,17:53,,,,,,,,,,,,,,,,,,,
01040434010001,Old,Old 1,47.056486,-116.23632,2020-08-04,17:53,,,,,,,,,,,,,,,,,,,
01040263020042,Dam,Dam park,47.330332,-116.029694,2020-08-04,22:28,,,,,,,,,,,,,,,,,,,
01040263020042,Dam,Dam park,47.356868,-116.006428,2020-08-05,13:35,,,,,,,,,,,,,,,,,,,
01040263020045,Mz,Mz 1,47.356726,-115.981301,2020-08-05,14:59,,,,,,,,,,,,,,,,,,,
01040263020045,Mz,Mz 3,47.357117,-115.981789,2020-08-05,15:16,,,,,,,,,,,,,,,,,,,
01040263020045,Mz,Mz 3,47.357098,-115.981819,2020-08-05,15:16,,,,,,,,,,,,,,,,,,,
01040263020045,Mz,Mz 4,47.359382,-115.982032,2020-08-05,15:47,,,,,,,,,,,,,,,,,,,
01040263020045,Mz,Mz 2 3,47.35937,-115.982342,2020-08-05,15:49,,,,,,,,,,,,,,,,,,,
01040263020073,Mastadon,Mastadon entry,47.354827,-115.981015,2020-08-05,16:33,,,,,,,,,,,,,,,,,,,
01040263020073,Mastadon,Mastadon 3,47.354127,-115.980597,2020-08-05,16:44,,,,,,,,,,,,,,,,,,,
01040263020073,Mastadon,Mastadon 1,47.35518,-115.982512,2020-08-05,18:00,,,,,,,,,,,,,,,,,,,
01040219020009,Rocky,Rocky park,47.055998,-115.834951,2020-08-05,23:04,,,,,,,,,,,,,,,,,,,
01040219020009,Rocky,Rocky temp top,47.059122,-115.833198,2020-08-05,23:38,,,,,,,,,,,,,,,,,,,
01040202020015,Blick,Blick park,47.170218,-115.906895,2020-08-06,14:43,,,,,,,,,,,,,,,,,,,
01040202020015,Blick,Blick top 2,47.169939,-115.908372,2020-08-06,14:43,,,,,,,,,,,,,,,,,,,
01040202020015,Blick,Blick 5 2,47.1708,-115.908854,2020-08-06,14:43,,,,,,,,,,,,,,,,,,,
01040202020015,Blick,Blick 5,47.17053,-115.908667,2020-08-06,14:43,,,,,,,,,,,,,,,,,,,
01040202020015,Blick,Blick 3,47.171124,-115.905221,2020-08-06,15:15,,,,,,,,,,,,,,,,,,,
01040202020015,Blick,Blick 1,47.170894,-115.907422,2020-08-06,15:15,,,,,,,,,,,,,,,,,,,
01040202020015,Blick,Blick 2,47.171585,-115.908615,2020-08-06,15:15,,,,,,,,,,,,,,,,,,,
01040202020015,Blick,Blick 4,47.171593,-115.909965,2020-08-06,15:15,,,,,,,,,,,,,,,,,,,
01040202020023,Wawa,Wawa top,47.178578,-115.892109,2020-08-06,15:42,,,,,,,,,,,,,,,,,,,
01040202020023,Wawa,Wawa 1,47.177984,-115.892408,2020-08-06,15:42,,,,,,,,,,,,,,,,,,,
01040202020023,Wawa,Wawa 4,47.177887,-115.893205,2020-08-06,16:10,,,,,,,,,,,,,,,,,,,
01040202020023,Wawa,Wawa 4,47.177383,-115.893298,2020-08-06,16:10,,,,,,,,,,,,,,,,,,,
01040202020023,Wawa,Wawa 4,47.177664,-115.893152,2020-08-06,16:10,,,,,,,,,,,,,,,,,,,
01040202020023,Wawa,Wawa 3,47.177258,-115.893114,2020-08-06,16:10,,,,,,,,,,,,,,,,,,,
01040202020023,Wawa,Wawa 2,47.17831,-115.894938,2020-08-06,16:10,,,,,,,,,,,,,,,,,,,
01040201020002,Alick,Alick park,47.156436,-115.87817,2020-08-06,17:14,,,,,,,,,,,,,,,,,,,
01040201020002,Alick,Alick 3,47.156912,-115.880937,2020-08-06,17:22,,,,,,,,,,,,,,,,,,,
01040201020002,Alick,Alick 1,47.156334,-115.880059,2020-08-06,17:22,,,,,,,,,,,,,,,,,,,
01040201020002,Alick,Alick 1 center,47.156672,-115.880097,2020-08-06,17:22,,,,,,,,,,,,,,,,,,,
01040201020002,Alick,Alick top 2,47.158662,-115.879984,2020-08-06,17:39,,,,,,,,,,,,,,,,,,,
01040201020002,Alick,Alick 4,47.158649,-115.880698,2020-08-06,17:39,,,,,,,,,,,,,,,,,,,
01040201020002,Alick,Alick 2,47.159634,-115.879732,2020-08-06,17:46,,,,,,,,,,,,,,,,,,,
01040201020001,Lick,lick 2,47.16271,-115.871389,2020-08-06,18:15,,,,,,,,,,,,,,,,,,,
01040201020001,Lick,lick 3,47.162679,-115.871675,2020-08-06,18:16,,,,,,,,,,,,,,,,,,,
01040201020001,Lick,lick 3,47.162713,-115.87179,2020-08-06,18:16,,,,,,,,,,,,,,,,,,,
01040201020001,Lick,lick 4,47.162903,-115.870666,2020-08-06,18:24,,,,,,,,,,,,,,,,,,,
01040201020001,Lick,lick 5,47.162364,-115.874476,2020-08-06,18:25,,,,,,,,,,,,,,,,,,,
01040201020001,Lick,lick 1,47.161993,-115.875226,2020-08-06,18:33,,,,,,,,,,,,,,,,,,,
01040201020001,Lick,lick 1,47.161672,-115.875215,2020-08-06,18:33,,,,,,,,,,,,,,,,,,,
01040201020001,Lick,lick top1 temp,47.162515,-115.874827,2020-08-06,18:33,,,,,,,,,,,,,,,,,,,
01040208020005,Dunce,Dunce park,47.147339,-115.645304,2020-08-06,20:18,,,,,,,,,,,,,,,,,,,
01040208020005,Dunce,Dunce 4,47.147912,-115.646388,2020-08-06,20:22,,,,,,,,,,,,,,,,,,,
01040208020005,Dunce,Dunce 2,47.148144,-115.645773,2020-08-06,20:28,,,,,,,,,,,,,,,,,,,
01040208020005,Dunce,Dunce 1,47.148524,-115.646317,2020-08-06,20:36,,,,,,,,,,,,,,,,,,,
01040208020005,Dunce,Dunce 3,47.148578,-115.646749,2020-08-06,20:36,,,,,,,,,,,,,,,,,,,
01040246010023,CSiam,Csiam park,47.168289,-115.490396,2020-08-06,22:21,,,,,,,,,,,,,,,,,,,
01040246010024,CSiam,Csiam 1,47.167337,-115.490271,2020-08-06,22:24,,,,,,,,,,,,,,,,,,,
01040246010025,CSiam,Csiam 2,47.168125,-115.491273,2020-08-06,22:36,,,,,,,,,,,,,,,,,,,
01040246010026,CSiam,Csiam 3,47.167529,-115.491205,2020-08-06,22:39,,,,,,,,,,,,,,,,,,,
01040246010027,CSiam,Csiam 4,47.168312,-115.493982,2020-08-06,22:50,,,,,,,,,,,,,,,,,,,
01040272020006,BSiam,Bsiam 1,47.166081,-115.462938,2020-08-07,15:05,,,,,,,,,,,,,,,,,,,
01040272030010,ASiam,Asiam 4,47.170746,-115.474505,2020-08-07,16:00,,,,,,,,,,,,,,,,,,,
01040272030010,ASiam,Asiam 4,47.170789,-115.474592,2020-08-07,16:00,,,,,,,,,,,,,,,,,,,
01040272030010,ASiam,Asiam 4,47.17067,-115.474569,2020-08-07,16:03,,,,,,,,,,,,,,,,,,,
01040272030010,ASiam,Asiam 4,47.170712,-115.474536,2020-08-07,16:03,,,,,,,,,,,,,,,,,,,
01040272030010,ASiam,Asiam 4 center,47.170643,-115.474838,2020-08-07,16:12,,,,,,,,,,,,,,,,,,,
01040272030010,ASiam,Asiam 2 center,47.171119,-115.475781,2020-08-07,16:39,,,,,,,,,,,,,,,,,,,
01040272030010,ASiam,Asiam 2 center,47.171254,-115.475717,2020-08-07,16:39,,,,,,,,,,,,,,,,,,,
01050335030003,Independence Creek,Independence car,46.793225,-115.133041,2020-08-19,17:03,,,,,,,,,,,,,,,,,,,
01050335030003,Independence Creek,Ictop,46.789707,-115.127487,2020-08-19,17:27,,,,,,,,,,,,,,,,,,,
01050335030003,Independence Creek,Icc1p3,46.789234,-115.130245,2020-08-19,17:39,,,,,,,,,,,,,,,,,,,
01050335030003,Independence Creek,Icc1p3 2,46.788931,-115.130454,2020-08-19,17:49,,,,,,,,,,,,,,,,,,,
01050335030003,Independence Creek,Icc1p2,46.789301,-115.130604,2020-08-19,17:49,,,,,,,,,,,,,,,,,,,
01050335030003,Independence Creek,Icc2p3,46.790692,-115.131772,2020-08-19,17:58,,,,,,,,,,,,,,,,,,,
01050335030003,Independence Creek,Icc2p2,46.790721,-115.132124,2020-08-19,18:14,,,,,,,,,,,,,,,,,,,
01050335030003,Independence Creek,Icc1p1,46.789335,-115.130858,2020-08-19,18:33,,,,,,,,,,,,,,,,,,,
01050336020029,WFO,Wfocar 2,46.8092,-115.108895,2020-08-19,20:44,,,,,,,,,,,,,,,,,,,
01050336020029,WFO,Wfocar,46.809544,-115.109367,2020-08-19,20:44,,,,,,,,,,,,,,,,,,,
01050336020029,WFO,Wfocar 3,46.809207,-115.108851,2020-08-19,20:44,,,,,,,,,,,,,,,,,,,
01050336020029,WFO,Wfotop,46.809354,-115.108395,2020-08-19,20:56,,,,,,,,,,,,,,,,,,,
01050336020029,WFO,Wfotop 2,46.809312,-115.108394,2020-08-19,21:01,,,,,,,,,,,,,,,,,,,
01050336020029,WFO,Wfoc2,46.81011,-115.104653,2020-08-19,21:13,,,,,,,,,,,,,,,,,,,
01050336020029,WFO,Wfoc2 2,46.810049,-115.104628,2020-08-19,21:13,,,,,,,,,,,,,,,,,,,
01050336020029,WFO,Wfoc3,46.808939,-115.102558,2020-08-19,21:25,,,,,,,,,,,,,,,,,,,
01050336020029,WFO,Wfoc4p1,46.809886,-115.100963,2020-08-19,21:55,,,,,,,,,,,,,,,,,,,
01050336020029,WFO,Wfoc1p,46.80818,-115.106089,2020-08-19,23:46,,,,,,,,,,,,,,,,,,,
01050336020029,WFO,Wfoc1p 2,46.808279,-115.106104,2020-08-19,23:46,,,,,,,,,,,,,,,,,,,
01050336050001,Laundry Creek,Laundry car,46.784618,-115.044801,2020-08-20,14:35,,,,,,,,,,,,,,,,,,,
01050336050001,Laundry Creek,Laundry car,46.784771,-115.044991,2020-08-20,14:43,,,,,,,,,,,,,,,,,,,
01050336050001,Laundry Creek,Laundryc1p3,46.785185,-115.052957,2020-08-20,15:42,,,,,,,,,,,,,,,,,,,
01050336050001,Laundry Creek,Laundryc1tr56,46.784877,-115.053322,2020-08-20,15:42,,,,,,,,,,,,,,,,,,,
01050336050001,Laundry Creek,Laundryc2tr21,46.78555,-115.051979,2020-08-20,15:42,,,,,,,,,,,,,,,,,,,
01050336050001,Laundry Creek,Laundryc2tr21 2,46.785341,-115.052035,2020-08-20,15:42,,,,,,,,,,,,,,,,,,,
01050336050001,Laundry Creek,Laundryc3p2,46.785062,-115.053459,2020-08-20,16:21,,,,,,,,,,,,,,,,,,,
01050336050001,Laundry Creek,Laundryc4p3,46.784923,-115.055281,2020-08-20,16:22,,,,,,,,,,,,,,,,,,,
,,,,,,,,,,,,,,,,,,,,,,,,,
,,,,,,,,,,,,,,,,,,,,,,,,,
,,,,,,,,,,,,,,,,,,,,,,,,,
,,,,,,,,,,,,,,,,,,,,,,,,,
,,,,,,,,,,,,,,,,,,,,,,,,,
,,,,,,,,,,,,,,,,,,,,,,,,,
,,,,,,,,,,,,,,,,,,,,,,,,,
,,,,,,,,,,,,,,,,,,,,,,,,,
,,,,,,,,,,,,,,,,,,,,,,,,,
,,,,,,,,,,,,,,,,,,,,,,,,,
,,,,,,,,,,,,,,,,,,,,,,,,,
,,,,,,,,,,,,,,,,,,,,,,,,,
,,,,,,,,,,,,,,,,,,,,,,,,,
,,,,,,,,,,,,,,,,,,,,,,,,,
,,,,,,,,,,,,,,,,,,,,,,,,,
,,,,,,,,,,,,,,,,,,,,,,,,,
,,,,,,,,,,,,,,,,,,,,,,,,,
,,,,,,,,,,,,,,,,,,,,,,,,,
,,,,,,,,,,,,,,,,,,,,,,,,,
,,,,,,,,,,,,,,,,,,,,,,,,,
,,,,,,,,,,,,,,,,,,,,,,,,,
,,,,,,,,,,,,,,,,,,,,,,,,,
,,,,,,,,,,,,,,,,,,,,,,,,,
,,,,,,,,,,,,,,,,,,,,,,,,,
,,,,,,,,,,,,,,,,,,,,,,,,,
,,,,,,,,,,,,,,,,,,,,,,,,,
,,,,,,,,,,,,,,,,,,,,,,,,,
,,,,,,,,,,,,,,,,,,,,,,,,,
,,,,,,,,,,,,,,,,,,,,,,,,,
,,,,,,,,,,,,,,,,,,,,,,,,,
,,,,,,,,,,,,,,,,,,,,,,,,,
,,,,,,,,,,,,,,,,,,,,,,,,,
,,,,,,,,,,,,,,,,,,,,,,,,,
,,,,,,,,,,,,,,,,,,,,,,,,,
,,,,,,,,,,,,,,,,,,,,,,,,,
,,,,,,,,,,,,,,,,,,,,,,,,,
,,,,,,,,,,,,,,,,,,,,,,,,,
,,,,,,,,,,,,,,,,,,,,,,,,,
,,,,,,,,,,,,,,,,,,,,,,,,,
,,,,,,,,,,,,,,,,,,,,,,,,,
,,,,,,,,,,,,,,,,,,,,,,,,,
,,,,,,,,,,,,,,,,,,,,,,,,,
,,,,,,,,,,,,,,,,,,,,,,,,,
,,,,,,,,,,,,,,,,,,,,,,,,,
,,,,,,,,,,,,,,,,,,,,,,,,,
,,,,,,,,,,,,,,,,,,,,,,,,,
,,,,,,,,,,,,,,,,,,,,,,,,,
,,,,,,,,,,,,,,,,,,,,,,,,,
,,,,,,,,,,,,,,,,,,,,,,,,,
,,,,,,,,,,,,,,,,,,,,,,,,,
,,,,,,,,,,,,,,,,,,,,,,,,,
,,,,,,,,,,,,,,,,,,,,,,,,,
,,,,,,,,,,,,,,,,,,,,,,,,,
,,,,,,,,,,,,,,,,,,,,,,,,,
,,,,,,,,,,,,,,,,,,,,,,,,,
,,,,,,,,,,,,,,,,,,,,,,,,,
,,,,,,,,,,,,,,,,,,,,,,,,,
,,,,,,,,,,,,,,,,,,,,,,,,,
,,,,,,,,,,,,,,,,,,,,,,,,,
,,,,,,,,,,,,,,,,,,,,,,,,,
,,,,,,,,,,,,,,,,,,,,,,,,,
,,,,,,,,,,,,,,,,,,,,,,,,,
,,,,,,,,,,,,,,,,,,,,,,,,,
,,,,,,,,,,,,,,,,,,,,,,,,,
,,,,,,,,,,,,,,,,,,,,,,,,,
,,,,,,,,,,,,,,,,,,,,,,,,,
,,,,,,,,,,,,,,,,,,,,,,,,,
,,,,,,,,,,,,,,,,,,,,,,,,,
,,,,,,,,,,,,,,,,,,,,,,,,,
,,,,,,,,,,,,,,,,,,,,,,,,,
,,,,,,,,,,,,,,,,,,,,,,,,,
,,,,,,,,,,,,,,,,,,,,,,,,,
,,,,,,,,,,,,,,,,,,,,,,,,,
,,,,,,,,,,,,,,,,,,,,,,,,,
,,,,,,,,,,,,,,,,,,,,,,,,,
,,,,,,,,,,,,,,,,,,,,,,,,,
,,,,,,,,,,,,,,,,,,,,,,,,,
,,,,,,,,,,,,,,,,,,,,,,,,,
,,,,,,,,,,,,,,,,,,,,,,,,,
,,,,,,,,,,,,,,,,,,,,,,,,,
,,,,,,,,,,,,,,,,,,,,,,,,,
,,,,,,,,,,,,,,,,,,,,,,,,,
,,,,,,,,,,,,,,,,,,,,,,,,,
,,,,,,,,,,,,,,,,,,,,,,,,,
,,,,,,,,,,,,,,,,,,,,,,,,,
,,,,,,,,,,,,,,,,,,,,,,,,,
,,,,,,,,,,,,,,,,,,,,,,,,,
,,,,,,,,,,,,,,,,,,,,,,,,,
,,,,,,,,,,,,,,,,,,,,,,,,,
,,,,,,,,,,,,,,,,,,,,,,,,,
,,,,,,,,,,,,,,,,,,,,,,,,,
,,,,,,,,,,,,,,,,,,,,,,,,,
,,,,,,,,,,,,,,,,,,,,,,,,,
,,,,,,,,,,,,,,,,,,,,,,,,,
,,,,,,,,,,,,,,,,,,,,,,,,,
,,,,,,,,,,,,,,,,,,,,,,,,,
,,,,,,,,,,,,,,,,,,,,,,,,,
,,,,,,,,,,,,,,,,,,,,,,,,,
,,,,,,,,,,,,,,,,,,,,,,,,,
,,,,,,,,,,,,,,,,,,,,,,,,,
,,,,,,,,,,,,,,,,,,,,,,,,,
,,,,,,,,,,,,,,,,,,,,,,,,,
,,,,,,,,,,,,,,,,,,,,,,,,,
,,,,,,,,,,,,,,,,,,,,,,,,,
,,,,,,,,,,,,,,,,,,,,,,,,,
,,,,,,,,,,,,,,,,,,,,,,,,,
,,,,,,,,,,,,,,,,,,,,,,,,,
,,,,,,,,,,,,,,,,,,,,,,,,,
,,,,,,,,,,,,,,,,,,,,,,,,,
,,,,,,,,,,,,,,,,,,,,,,,,,
,,,,,,,,,,,,,,,,,,,,,,,,,
,,,,,,,,,,,,,,,,,,,,,,,,,
,,,,,,,,,,,,,,,,,,,,,,,,,
,,,,,,,,,,,,,,,,,,,,,,,,,
,,,,,,,,,,,,,,,,,,,,,,,,,
,,,,,,,,,,,,,,,,,,,,,,,,,
,,,,,,,,,,,,,,,,,,,,,,,,,
,,,,,,,,,,,,,,,,,,,,,,,,,
,,,,,,,,,,,,,,,,,,,,,,,,,
,,,,,,,,,,,,,,,,,,,,,,,,,
,,,,,,,,,,,,,,,,,,,,,,,,,
,,,,,,,,,,,,,,,,,,,,,,,,,
,,,,,,,,,,,,,,,,,,,,,,,,,
,,,,,,,,,,,,,,,,,,,,,,,,,
,,,,,,,,,,,,,,,,,,,,,,,,,
,,,,,,,,,,,,,,,,,,,,,,,,,
,,,,,,,,,,,,,,,,,,,,,,,,,
,,,,,,,,,,,,,,,,,,,,,,,,,
,,,,,,,,,,,,,,,,,,,,,,,,,
,,,,,,,,,,,,,,,,,,,,,,,,,
,,,,,,,,,,,,,,,,,,,,,,,,,
,,,,,,,,,,,,,,,,,,,,,,,,,
,,,,,,,,,,,,,,,,,,,,,,,,,
,,,,,,,,,,,,,,,,,,,,,,,,,
,,,,,,,,,,,,,,,,,,,,,,,,,
,,,,,,,,,,,,,,,,,,,,,,,,,
,,,,,,,,,,,,,,,,,,,,,,,,,
,,,,,,,,,,,,,,,,,,,,,,,,,
,,,,,,,,,,,,,,,,,,,,,,,,,
,,,,,,,,,,,,,,,,,,,,,,,,,
,,,,,,,,,,,,,,,,,,,,,,,,,
,,,,,,,,,,,,,,,,,,,,,,,,,
,,,,,,,,,,,,,,,,,,,,,,,,,
,,,,,,,,,,,,,,,,,,,,,,,,,
,,,,,,,,,,,,,,,,,,,,,,,,,
,,,,,,,,,,,,,,,,,,,,,,,,,
,,,,,,,,,,,,,,,,,,,,,,,,,
,,,,,,,,,,,,,,,,,,,,,,,,,
,,,,,,,,,,,,,,,,,,,,,,,,,
,,,,,,,,,,,,,,,,,,,,,,,,,
,,,,,,,,,,,,,,,,,,,,,,,,,
,,,,,,,,,,,,,,,,,,,,,,,,,
,,,,,,,,,,,,,,,,,,,,,,,,,
,,,,,,,,,,,,,,,,,,,,,,,,,
,,,,,,,,,,,,,,,,,,,,,,,,,
,,,,,,,,,,,,,,,,,,,,,,,,,
,,,,,,,,,,,,,,,,,,,,,,,,,
,,,,,,,,,,,,,,,,,,,,,,,,,
,,,,,,,,,,,,,,,,,,,,,,,,,
,,,,,,,,,,,,,,,,,,,,,,,,,
,,,,,,,,,,,,,,,,,,,,,,,,,
,,,,,,,,,,,,,,,,,,,,,,,,,
,,,,,,,,,,,,,,,,,,,,,,,,,
,,,,,,,,,,,,,,,,,,,,,,,,,
,,,,,,,,,,,,,,,,,,,,,,,,,
,,,,,,,,,,,,,,,,,,,,,,,,,
,,,,,,,,,,,,,,,,,,,,,,,,,
,,,,,,,,,,,,,,,,,,,,,,,,,
,,,,,,,,,,,,,,,,,,,,,,,,,
,,,,,,,,,,,,,,,,,,,,,,,,,
,,,,,,,,,,,,,,,,,,,,,,,,,
,,,,,,,,,,,,,,,,,,,,,,,,,
,,,,,,,,,,,,,,,,,,,,,,,,,
,,,,,,,,,,,,,,,,,,,,,,,,,
,,,,,,,,,,,,,,,,,,,,,,,,,
,,,,,,,,,,,,,,,,,,,,,,,,,
,,,,,,,,,,,,,,,,,,,,,,,,,
,,,,,,,,,,,,,,,,,,,,,,,,,
,,,,,,,,,,,,,,,,,,,,,,,,,
,,,,,,,,,,,,,,,,,,,,,,,,,
,,,,,,,,,,,,,,,,,,,,,,,,,
,,,,,,,,,,,,,,,,,,,,,,,,,
,,,,,,,,,,,,,,,,,,,,,,,,,
,,,,,,,,,,,,,,,,,,,,,,,,,
,,,,,,,,,,,,,,,,,,,,,,,,,
,,,,,,,,,,,,,,,,,,,,,,,,,
,,,,,,,,,,,,,,,,,,,,,,,,,
,,,,,,,,,,,,,,,,,,,,,,,,,
,,,,,,,,,,,,,,,,,,,,,,,,,
,,,,,,,,,,,,,,,,,,,,,,,,,
,,,,,,,,,,,,,,,,,,,,,,,,,
,,,,,,,,,,,,,,,,,,,,,,,,,
,,,,,,,,,,,,,,,,,,,,,,,,,
,,,,,,,,,,,,,,,,,,,,,,,,,
,,,,,,,,,,,,,,,,,,,,,,,,,
,,,,,,,,,,,,,,,,,,,,,,,,,
,,,,,,,,,,,,,,,,,,,,,,,,,
,,,,,,,,,,,,,,,,,,,,,,,,,
,,,,,,,,,,,,,,,,,,,,,,,,,
,,,,,,,,,,,,,,,,,,,,,,,,,
,,,,,,,,,,,,,,,,,,,,,,,,,
,,,,,,,,,,,,,,,,,,,,,,,,,
,,,,,,,,,,,,,,,,,,,,,,,,,
,,,,,,,,,,,,,,,,,,,,,,,,,
,,,,,,,,,,,,,,,,,,,,,,,,,
,,,,,,,,,,,,,,,,,,,,,,,,,
,,,,,,,,,,,,,,,,,,,,,,,,,
,,,,,,,,,,,,,,,,,,,,,,,,,
,,,,,,,,,,,,,,,,,,,,,,,,,
,,,,,,,,,,,,,,,,,,,,,,,,,
,,,,,,,,,,,,,,,,,,,,,,,,,
,,,,,,,,,,,,,,,,,,,,,,,,,
,,,,,,,,,,,,,,,,,,,,,,,,,
,,,,,,,,,,,,,,,,,,,,,,,,,
,,,,,,,,,,,,,,,,,,,,,,,,,
,,,,,,,,,,,,,,,,,,,,,,,,,
,,,,,,,,,,,,,,,,,,,,,,,,,
,,,,,,,,,,,,,,,,,,,,,,,,,
,,,,,,,,,,,,,,,,,,,,,,,,,
,,,,,,,,,,,,,,,,,,,,,,,,,
,,,,,,,,,,,,,,,,,,,,,,,,,
,,,,,,,,,,,,,,,,,,,,,,,,,
,,,,,,,,,,,,,,,,,,,,,,,,,
,,,,,,,,,,,,,,,,,,,,,,,,,
,,,,,,,,,,,,,,,,,,,,,,,,,
,,,,,,,,,,,,,,,,,,,,,,,,,
,,,,,,,,,,,,,,,,,,,,,,,,,
,,,,,,,,,,,,,,,,,,,,,,,,,
,,,,,,,,,,,,,,,,,,,,,,,,,
,,,,,,,,,,,,,,,,,,,,,,,,,
,,,,,,,,,,,,,,,,,,,,,,,,,
,,,,,,,,,,,,,,,,,,,,,,,,,
,,,,,,,,,,,,,,,,,,,,,,,,,
,,,,,,,,,,,,,,,,,,,,,,,,,
,,,,,,,,,,,,,,,,,,,,,,,,,
,,,,,,,,,,,,,,,,,,,,,,,,,
,,,,,,,,,,,,,,,,,,,,,,,,,
,,,,,,,,,,,,,,,,,,,,,,,,,
,,,,,,,,,,,,,,,,,,,,,,,,,
,,,,,,,,,,,,,,,,,,,,,,,,,
,,,,,,,,,,,,,,,,,,,,,,,,,
,,,,,,,,,,,,,,,,,,,,,,,,,
,,,,,,,,,,,,,,,,,,,,,,,,,
,,,,,,,,,,,,,,,,,,,,,,,,,
,,,,,,,,,,,,,,,,,,,,,,,,,
,,,,,,,,,,,,,,,,,,,,,,,,,
,,,,,,,,,,,,,,,,,,,,,,,,,
,,,,,,,,,,,,,,,,,,,,,,,,,
,,,,,,,,,,,,,,,,,,,,,,,,,
,,,,,,,,,,,,,,,,,,,,,,,,,
,,,,,,,,,,,,,,,,,,,,,,,,,
,,,,,,,,,,,,,,,,,,,,,,,,,
,,,,,,,,,,,,,,,,,,,,,,,,,
,,,,,,,,,,,,,,,,,,,,,,,,,
,,,,,,,,,,,,,,,,,,,,,,,,,
,,,,,,,,,,,,,,,,,,,,,,,,,
,,,,,,,,,,,,,,,,,,,,,,,,,
,,,,,,,,,,,,,,,,,,,,,,,,,
,,,,,,,,,,,,,,,,,,,,,,,,,
,,,,,,,,,,,,,,,,,,,,,,,,,
,,,,,,,,,,,,,,,,,,,,,,,,,
,,,,,,,,,,,,,,,,,,,,,,,,,
,,,,,,,,,,,,,,,,,,,,,,,,,
,,,,,,,,,,,,,,,,,,,,,,,,,
,,,,,,,,,,,,,,,,,,,,,,,,,
,,,,,,,,,,,,,,,,,,,,,,,,,
,,,,,,,,,,,,,,,,,,,,,,,,,
,,,,,,,,,,,,,,,,,,,,,,,,,
,,,,,,,,,,,,,,,,,,,,,,,,,
,,,,,,,,,,,,,,,,,,,,,,,,,
,,,,,,,,,,,,,,,,,,,,,,,,,
,,,,,,,,,,,,,,,,,,,,,,,,,
,,,,,,,,,,,,,,,,,,,,,,,,,
,,,,,,,,,,,,,,,,,,,,,,,,,
,,,,,,,,,,,,,,,,,,,,,,,,,
,,,,,,,,,,,,,,,,,,,,,,,,,
,,,,,,,,,,,,,,,,,,,,,,,,,
,,,,,,,,,,,,,,,,,,,,,,,,,
,,,,,,,,,,,,,,,,,,,,,,,,,
,,,,,,,,,,,,,,,,,,,,,,,,,
,,,,,,,,,,,,,,,,,,,,,,,,,
,,,,,,,,,,,,,,,,,,,,,,,,,
,,,,,,,,,,,,,,,,,,,,,,,,,
,,,,,,,,,,,,,,,,,,,,,,,,,
,,,,,,,,,,,,,,,,,,,,,,,,,
,,,,,,,,,,,,,,,,,,,,,,,,,
,,,,,,,,,,,,,,,,,,,,,,,,,
,,,,,,,,,,,,,,,,,,,,,,,,,
,,,,,,,,,,,,,,,,,,,,,,,,,
,,,,,,,,,,,,,,,,,,,,,,,,,
,,,,,,,,,,,,,,,,,,,,,,,,,
,,,,,,,,,,,,,,,,,,,,,,,,,
,,,,,,,,,,,,,,,,,,,,,,,,,
,,,,,,,,,,,,,,,,,,,,,,,,,
,,,,,,,,,,,,,,,,,,,,,,,,,
,,,,,,,,,,,,,,,,,,,,,,,,,
,,,,,,,,,,,,,,,,,,,,,,,,,
,,,,,,,,,,,,,,,,,,,,,,,,,
,,,,,,,,,,,,,,,,,,,,,,,,,
,,,,,,,,,,,,,,,,,,,,,,,,,
,,,,,,,,,,,,,,,,,,,,,,,,,
,,,,,,,,,,,,,,,,,,,,,,,,,
,,,,,,,,,,,,,,,,,,,,,,,,,
,,,,,,,,,,,,,,,,,,,,,,,,,
,,,,,,,,,,,,,,,,,,,,,,,,,
,,,,,,,,,,,,,,,,,,,,,,,,,
,,,,,,,,,,,,,,,,,,,,,,,,,
,,,,,,,,,,,,,,,,,,,,,,,,,
,,,,,,,,,,,,,,,,,,,,,,,,,
,,,,,,,,,,,,,,,,,,,,,,,,,
,,,,,,,,,,,,,,,,,,,,,,,,,
,,,,,,,,,,,,,,,,,,,,,,,,,
,,,,,,,,,,,,,,,,,,,,,,,,,
,,,,,,,,,,,,,,,,,,,,,,,,,
,,,,,,,,,,,,,,,,,,,,,,,,,
,,,,,,,,,,,,,,,,,,,,,,,,,
,,,,,,,,,,,,,,,,,,,,,,,,,
,,,,,,,,,,,,,,,,,,,,,,,,,
,,,,,,,,,,,,,,,,,,,,,,,,,
,,,,,,,,,,,,,,,,,,,,,,,,,
,,,,,,,,,,,,,,,,,,,,,,,,,
,,,,,,,,,,,,,,,,,,,,,,,,,
